dataset_id	model_id	profile_col	covar_set	term	estimate	std_error	p_value	ci_low	ci_high	n_obs	n_ids	log_likelihood	aic	bic
balanced_ft	mixedlm_re_int	ft_profile	baseline_disease	Intercept	-1.0906056064502496	0.15575203972709625	2.51989343115232e-12	-1.39587399483401	-0.7853372180664893	16844	4211	-22905.658464306165	45841.31692861233	45957.29317545156
balanced_ft	mixedlm_re_int	ft_profile	baseline_disease	C(ft_profile)[T.mixed]	-0.055924937227001315	0.048122483528464474	0.24517966330539054	-0.15024327178941366	0.03839339733541104	16844	4211	-22905.658464306165	45841.31692861233	45957.29317545156
balanced_ft	mixedlm_re_int	ft_profile	baseline_disease	C(ft_profile)[T.shock_spike]	0.05280931662164527	0.057684753467996494	0.359938983019237	-0.060250722632699844	0.1658693558759904	16844	4211	-22905.658464306165	45841.31692861233	45957.29317545156
balanced_ft	mixedlm_re_int	ft_profile	baseline_disease	C(ft_profile)[T.stable_low]	-0.10652854315511014	0.040388972215552335	0.008350359842067237	-0.18568947407018163	-0.02736761224003864	16844	4211	-22905.658464306165	45841.31692861233	45957.29317545156
balanced_ft	mixedlm_re_int	ft_profile	baseline_disease	t_years	0.07528080253783204	0.006148464038570457	1.8125267340396855e-34	0.06323003446199425	0.08733157061366982	16844	4211	-22905.658464306165	45841.31692861233	45957.29317545156
balanced_ft	mixedlm_re_int	ft_profile	baseline_disease	t_years:C(ft_profile)[T.mixed]	-0.025490491799496282	0.008409783796959952	0.0024370329234391303	-0.04197336515930629	-0.009007618439686272	16844	4211	-22905.658464306165	45841.31692861233	45957.29317545156
balanced_ft	mixedlm_re_int	ft_profile	baseline_disease	t_years:C(ft_profile)[T.shock_spike]	-0.02269255015295904	0.01009228844717208	0.02454407530212251	-0.04247307203100599	-0.0029120282749120936	16844	4211	-22905.658464306165	45841.31692861233	45957.29317545156
balanced_ft	mixedlm_re_int	ft_profile	baseline_disease	t_years:C(ft_profile)[T.stable_low]	-0.04225770838474676	0.006929643391874426	1.0733174984652632e-09	-0.055839559858526615	-0.028675856910966906	16844	4211	-22905.658464306165	45841.31692861233	45957.29317545156
balanced_ft	mixedlm_re_int	ft_profile	baseline_disease	baseline_age	0.019555222946386563	0.002039840899048959	9.099913893305438e-22	0.0155572082500588	0.023553237642714327	16844	4211	-22905.658464306165	45841.31692861233	45957.29317545156
balanced_ft	mixedlm_re_int	ft_profile	baseline_disease	sex	0.08356782308586097	0.024625582891148443	0.0006899627397966006	0.035302567520904285	0.13183307865081767	16844	4211	-22905.658464306165	45841.31692861233	45957.29317545156
balanced_ft	mixedlm_re_int	ft_profile	baseline_disease	education_c	-0.06231984485620178	0.006964577341701637	3.6160144620476422e-19	-0.0759701656134807	-0.04866952409892286	16844	4211	-22905.658464306165	45841.31692861233	45957.29317545156
balanced_ft	mixedlm_re_int	ft_profile	baseline_disease	residence_rural_w1	0.12725977195241	0.024900007509156597	3.207419724479314e-07	0.07845665401968618	0.17606288988513383	16844	4211	-22905.658464306165	45841.31692861233	45957.29317545156
balanced_ft	mixedlm_re_int	ft_profile	baseline_disease	core_disease_count_w1	0.14420711212917	0.010380435927428296	7.063012320037574e-44	0.12386183156758492	0.1645523926907551	16844	4211	-22905.658464306165	45841.31692861233	45957.29317545156
balanced_ft	mixedlm_re_int	ft_profile	baseline_disease	Group Var	0.5646618063541073	0.020500726304451888	5.2939969233688015e-167	0.5244811211404687	0.6048424915677459	16844	4211	-22905.658464306165	45841.31692861233	45957.29317545156
balanced_ft	gee_binomial	ft_profile	baseline_disease	Intercept	-5.7614138781270325	0.3718720127220905	3.867987905313296e-54	-6.490269629920751	-5.032558126333314	16844	4211	-4317.336356194989	8660.672712389978	-158034.42072066138
balanced_ft	gee_binomial	ft_profile	baseline_disease	C(ft_profile)[T.mixed]	-0.1631222953601889	0.10976220748663672	0.13724139927038223	-0.37825226889760954	0.05200767817723176	16844	4211	-4317.336356194989	8660.672712389978	-158034.42072066138
balanced_ft	gee_binomial	ft_profile	baseline_disease	C(ft_profile)[T.shock_spike]	0.10504067585832166	0.14255122832680234	0.4612058795074042	-0.1743545976141569	0.3844359493308002	16844	4211	-4317.336356194989	8660.672712389978	-158034.42072066138
balanced_ft	gee_binomial	ft_profile	baseline_disease	C(ft_profile)[T.stable_low]	-0.42002257724230174	0.09494571706754686	9.697169715686304e-06	-0.6061127631810235	-0.23393239130357998	16844	4211	-4317.336356194989	8660.672712389978	-158034.42072066138
balanced_ft	gee_binomial	ft_profile	baseline_disease	t_years	0.12459513506900191	0.013217751294272684	4.246123174370494e-21	0.09868881857561976	0.15050145156238406	16844	4211	-4317.336356194989	8660.672712389978	-158034.42072066138
balanced_ft	gee_binomial	ft_profile	baseline_disease	t_years:C(ft_profile)[T.mixed]	-0.019938284103058205	0.019250374514358237	0.3003258508298371	-0.05766832484010809	0.017791756633991674	16844	4211	-4317.336356194989	8660.672712389978	-158034.42072066138
balanced_ft	gee_binomial	ft_profile	baseline_disease	t_years:C(ft_profile)[T.shock_spike]	-0.0241686472961858	0.02396610432126818	0.31323789121003387	-0.07114134861560119	0.02280405402322959	16844	4211	-4317.336356194989	8660.672712389978	-158034.42072066138
balanced_ft	gee_binomial	ft_profile	baseline_disease	t_years:C(ft_profile)[T.stable_low]	-0.02918697783406866	0.016000538471631732	0.06813321841929965	-0.06054745697171442	0.002173501303577092	16844	4211	-4317.336356194989	8660.672712389978	-158034.42072066138
balanced_ft	gee_binomial	ft_profile	baseline_disease	baseline_age	0.0430456126424366	0.004627190462082521	1.3685461670356562e-20	0.03397648598714761	0.052114739297725594	16844	4211	-4317.336356194989	8660.672712389978	-158034.42072066138
balanced_ft	gee_binomial	ft_profile	baseline_disease	sex	0.1985974809469897	0.060430483798323144	0.0010148431596087677	0.08015590913394509	0.3170390527600343	16844	4211	-4317.336356194989	8660.672712389978	-158034.42072066138
balanced_ft	gee_binomial	ft_profile	baseline_disease	education_c	-0.16485329914180144	0.0175640459418888	6.241777809317004e-21	-0.1992781966107104	-0.1304284016728925	16844	4211	-4317.336356194989	8660.672712389978	-158034.42072066138
balanced_ft	gee_binomial	ft_profile	baseline_disease	residence_rural_w1	0.33326628424012544	0.0633991785342815	1.4671580024200334e-07	0.20900617766350882	0.45752639081674207	16844	4211	-4317.336356194989	8660.672712389978	-158034.42072066138
balanced_ft	gee_binomial	ft_profile	baseline_disease	core_disease_count_w1	0.3091596160655975	0.021805394136799564	1.2514476399294351e-45	0.2664218288887695	0.3518974032424255	16844	4211	-4317.336356194989	8660.672712389978	-158034.42072066138
balanced_ft	cluster_ols_fallback	ft_profile	baseline_disease_adl	Intercept	-0.598600518663961	0.12079220666095467	7.209925949904897e-07	-0.8353488933325514	-0.3618521439953707	16844	4211	-22141.924590277034	44311.84918055407	44420.09367760401
balanced_ft	cluster_ols_fallback	ft_profile	baseline_disease_adl	C(ft_profile)[T.mixed]	-0.03472027797301631	0.0275790377136997	0.2080529968805025	-0.0887741986201396	0.019333642674106984	16844	4211	-22141.924590277034	44311.84918055407	44420.09367760401
balanced_ft	cluster_ols_fallback	ft_profile	baseline_disease_adl	C(ft_profile)[T.shock_spike]	0.03186911723525654	0.034162977070079655	0.3508946388309597	-0.03508908742676728	0.09882732189728036	16844	4211	-22141.924590277034	44311.84918055407	44420.09367760401
balanced_ft	cluster_ols_fallback	ft_profile	baseline_disease_adl	C(ft_profile)[T.stable_low]	-0.03448664697604874	0.02399764524810275	0.15069394991124052	-0.08152116737609891	0.012547873424001425	16844	4211	-22141.924590277034	44311.84918055407	44420.09367760401
balanced_ft	cluster_ols_fallback	ft_profile	baseline_disease_adl	t_years	0.07528080253794162	0.008468130005397125	6.116564633661682e-19	0.05868357271096028	0.09187803236492295	16844	4211	-22141.924590277034	44311.84918055407	44420.09367760401
balanced_ft	cluster_ols_fallback	ft_profile	baseline_disease_adl	t_years:C(ft_profile)[T.mixed]	-0.025490491799610746	0.010950874579895357	0.019927354794770077	-0.04695381157542084	-0.004027172023800651	16844	4211	-22141.924590277034	44311.84918055407	44420.09367760401
balanced_ft	cluster_ols_fallback	ft_profile	baseline_disease_adl	t_years:C(ft_profile)[T.shock_spike]	-0.02269255015306785	0.01361810585794827	0.09564343895816689	-0.049383547172300396	0.003998446866164695	16844	4211	-22141.924590277034	44311.84918055407	44420.09367760401
balanced_ft	cluster_ols_fallback	ft_profile	baseline_disease_adl	t_years:C(ft_profile)[T.stable_low]	-0.04225770838485539	0.00907581789969218	3.2229119695217416e-06	-0.06004598459849601	-0.02446943217121476	16844	4211	-22141.924590277034	44311.84918055407	44420.09367760401
balanced_ft	cluster_ols_fallback	ft_profile	baseline_disease_adl	baseline_age	0.009744893226302426	0.0016765464222297354	6.155389106555728e-09	0.006458922620322662	0.01303086383228219	16844	4211	-22141.924590277034	44311.84918055407	44420.09367760401
balanced_ft	cluster_ols_fallback	ft_profile	baseline_disease_adl	sex	0.04468625319104198	0.018732049751235394	0.017053574532791233	0.007972110322008133	0.08140039606007583	16844	4211	-22141.924590277034	44311.84918055407	44420.09367760401
balanced_ft	cluster_ols_fallback	ft_profile	baseline_disease_adl	education_c	-0.030387445377745872	0.004813586130173588	2.739436646682299e-10	-0.03982190082936764	-0.020952989926124106	16844	4211	-22141.924590277034	44311.84918055407	44420.09367760401
balanced_ft	cluster_ols_fallback	ft_profile	baseline_disease_adl	residence_rural_w1	0.06748358721481489	0.018474942126017108	0.0002594882503604661	0.031273366031359495	0.10369380839827028	16844	4211	-22141.924590277034	44311.84918055407	44420.09367760401
balanced_ft	cluster_ols_fallback	ft_profile	baseline_disease_adl	core_disease_count_w1	0.08244825075699719	0.009363041085484998	1.3002358932452103e-18	0.06409702744367778	0.1007994740703166	16844	4211	-22141.924590277034	44311.84918055407	44420.09367760401
balanced_ft	cluster_ols_fallback	ft_profile	baseline_disease_adl	adl5_w1	0.5195670859961419	0.016481478427693277	4.035867995110618e-218	0.4872639818658892	0.5518701901263945	16844	4211	-22141.924590277034	44311.84918055407	44420.09367760401
balanced_ft	gee_binomial	ft_profile	baseline_disease_adl	Intercept	-5.034183920348126	0.31136657670105583	8.476679667872962e-59	-5.644451196671724	-4.423916644024528	16844	4211	-3812.106209932383	7652.212419864766	-159035.14926339732
balanced_ft	gee_binomial	ft_profile	baseline_disease_adl	C(ft_profile)[T.mixed]	-0.16064260453516402	0.07869992575171632	0.04123055266902995	-0.31489162459450437	-0.006393584475823694	16844	4211	-3812.106209932383	7652.212419864766	-159035.14926339732
balanced_ft	gee_binomial	ft_profile	baseline_disease_adl	C(ft_profile)[T.shock_spike]	-0.03980285054456945	0.09711089827954031	0.6819012629557432	-0.23013671367880115	0.15053101258966226	16844	4211	-3812.106209932383	7652.212419864766	-159035.14926339732
balanced_ft	gee_binomial	ft_profile	baseline_disease_adl	C(ft_profile)[T.stable_low]	-0.33230256079525317	0.06814442282332688	1.0801453900865068e-06	-0.4658631752762431	-0.19874194631426323	16844	4211	-3812.106209932383	7652.212419864766	-159035.14926339732
balanced_ft	gee_binomial	ft_profile	baseline_disease_adl	t_years	0.13973278685162605	0.014093713612508291	3.598850545412485e-23	0.1121096157626879	0.16735595794056418	16844	4211	-3812.106209932383	7652.212419864766	-159035.14926339732
balanced_ft	gee_binomial	ft_profile	baseline_disease_adl	t_years:C(ft_profile)[T.mixed]	-0.021475338221214786	0.02052407214082733	0.29540002309606406	-0.06170178043333824	0.018751103990908666	16844	4211	-3812.106209932383	7652.212419864766	-159035.14926339732
balanced_ft	gee_binomial	ft_profile	baseline_disease_adl	t_years:C(ft_profile)[T.shock_spike]	-0.01825086960849218	0.02655584211886158	0.4919164911148042	-0.07029936374059272	0.03379762452360835	16844	4211	-3812.106209932383	7652.212419864766	-159035.14926339732
balanced_ft	gee_binomial	ft_profile	baseline_disease_adl	t_years:C(ft_profile)[T.stable_low]	-0.033412528324958495	0.01691624204837509	0.04824835943236054	-0.06656775349353575	-0.0002573031563812486	16844	4211	-3812.106209932383	7652.212419864766	-159035.14926339732
balanced_ft	gee_binomial	ft_profile	baseline_disease_adl	baseline_age	0.02631184862854737	0.0041260852952165845	1.8064683205958903e-10	0.018224870052782546	0.03439882720431219	16844	4211	-3812.106209932383	7652.212419864766	-159035.14926339732
balanced_ft	gee_binomial	ft_profile	baseline_disease_adl	sex	0.13010781579350075	0.05404436996006062	0.01606542222919715	0.024182797104623538	0.23603283448237797	16844	4211	-3812.106209932383	7652.212419864766	-159035.14926339732
balanced_ft	gee_binomial	ft_profile	baseline_disease_adl	education_c	-0.09985743112912274	0.015559614141171914	1.38319617845368e-10	-0.1303537144591598	-0.06936114779908566	16844	4211	-3812.106209932383	7652.212419864766	-159035.14926339732
balanced_ft	gee_binomial	ft_profile	baseline_disease_adl	residence_rural_w1	0.2248181506651394	0.05605273387219156	6.050491592871571e-05	0.11495681104063558	0.3346794902896432	16844	4211	-3812.106209932383	7652.212419864766	-159035.14926339732
balanced_ft	gee_binomial	ft_profile	baseline_disease_adl	core_disease_count_w1	0.22051413895639574	0.02130922102407543	4.259975617562288e-25	0.17874883321060417	0.26227944470218734	16844	4211	-3812.106209932383	7652.212419864766	-159035.14926339732
balanced_ft	gee_binomial	ft_profile	baseline_disease_adl	adl5_w1	0.6632512777931476	0.0203366473706428	2.6311561477914767e-233	0.6233921813803965	0.7031103742058987	16844	4211	-3812.106209932383	7652.212419864766	-159035.14926339732
main_cohort	cluster_ols_fallback	ft_profile	baseline_disease	Intercept	-1.1026835976090592	0.15360493153428567	7.037779904038221e-13	-1.403743731264	-0.8016234639541184	19469	5086	-28110.69087946938	56247.38175893876	56349.77728250649
main_cohort	cluster_ols_fallback	ft_profile	baseline_disease	C(ft_profile)[T.mixed]	-0.06746738892850536	0.044039490154956895	0.12552865453522613	-0.15378320352972716	0.01884842567271644	19469	5086	-28110.69087946938	56247.38175893876	56349.77728250649
main_cohort	cluster_ols_fallback	ft_profile	baseline_disease	C(ft_profile)[T.shock_spike]	0.057362246321857435	0.05760663190428299	0.3193678955982764	-0.05554467748119325	0.1702691701249081	19469	5086	-28110.69087946938	56247.38175893876	56349.77728250649
main_cohort	cluster_ols_fallback	ft_profile	baseline_disease	C(ft_profile)[T.stable_low]	-0.1015061625407194	0.03742832396043318	0.0066875639072942646	-0.17486432950486597	-0.028147995576572812	19469	5086	-28110.69087946938	56247.38175893876	56349.77728250649
main_cohort	cluster_ols_fallback	ft_profile	baseline_disease	t_years	0.07553187405901067	0.008283715637700995	7.644208581271675e-20	0.05929608975094547	0.09176765836707587	19469	5086	-28110.69087946938	56247.38175893876	56349.77728250649
main_cohort	cluster_ols_fallback	ft_profile	baseline_disease	t_years:C(ft_profile)[T.mixed]	-0.022639388625929423	0.01063727750846907	0.03331166581066194	-0.043488069436086754	-0.0017907078157720878	19469	5086	-28110.69087946938	56247.38175893876	56349.77728250649
main_cohort	cluster_ols_fallback	ft_profile	baseline_disease	t_years:C(ft_profile)[T.shock_spike]	-0.02731939765241773	0.01301076883954589	0.0357505966478384	-0.05282003598910367	-0.001818759315731791	19469	5086	-28110.69087946938	56247.38175893876	56349.77728250649
main_cohort	cluster_ols_fallback	ft_profile	baseline_disease	t_years:C(ft_profile)[T.stable_low]	-0.04294390477647678	0.008861940133232002	1.2605123935865631e-06	-0.06031298827076159	-0.025574821282191965	19469	5086	-28110.69087946938	56247.38175893876	56349.77728250649
main_cohort	cluster_ols_fallback	ft_profile	baseline_disease	baseline_age	0.019827167953334203	0.002067044264505609	8.636167103694506e-22	0.015775835640453123	0.023878500266215283	19469	5086	-28110.69087946938	56247.38175893876	56349.77728250649
main_cohort	cluster_ols_fallback	ft_profile	baseline_disease	sex	0.08570093396588001	0.02261275966566198	0.0001506855125684791	0.041380739430122535	0.1300211285016375	19469	5086	-28110.69087946938	56247.38175893876	56349.77728250649
main_cohort	cluster_ols_fallback	ft_profile	baseline_disease	education_c	-0.06398574629875478	0.005849205503601732	7.484094180165775e-28	-0.07544997842398765	-0.05252151417352192	19469	5086	-28110.69087946938	56247.38175893876	56349.77728250649
main_cohort	cluster_ols_fallback	ft_profile	baseline_disease	residence_rural_w1	0.12590161545873052	0.022408568707695257	1.9266855251548668e-08	0.08198162784655655	0.1698216030709045	19469	5086	-28110.69087946938	56247.38175893876	56349.77728250649
main_cohort	cluster_ols_fallback	ft_profile	baseline_disease	core_disease_count_w1	0.14597569868262075	0.01040236200539527	9.800605120326481e-45	0.12558744379789819	0.16636395356734332	19469	5086	-28110.69087946938	56247.38175893876	56349.77728250649
main_cohort	gee_binomial	ft_profile	baseline_disease	Intercept	-5.7574931686671995	0.3370648868532199	2.0464928403696743e-65	-6.418128207352579	-5.09685812998182	19469	5086	-5027.579934596518	10081.159869193036	-185426.64360049285
main_cohort	gee_binomial	ft_profile	baseline_disease	C(ft_profile)[T.mixed]	-0.1853390646389429	0.10255269892972468	0.07072224512738047	-0.3863386610585826	0.015660531780696818	19469	5086	-5027.579934596518	10081.159869193036	-185426.64360049285
main_cohort	gee_binomial	ft_profile	baseline_disease	C(ft_profile)[T.shock_spike]	0.11312838660753634	0.12881880044697402	0.379836387999804	-0.139351822800185	0.36560859601525764	19469	5086	-5027.579934596518	10081.159869193036	-185426.64360049285
main_cohort	gee_binomial	ft_profile	baseline_disease	C(ft_profile)[T.stable_low]	-0.38022629827095694	0.0877534987388649	1.4716433609531493e-05	-0.5522199953165132	-0.2082326012254007	19469	5086	-5027.579934596518	10081.159869193036	-185426.64360049285
main_cohort	gee_binomial	ft_profile	baseline_disease	t_years	0.125419604070415	0.012852440913765301	1.6976818082520026e-22	0.10022928276600594	0.15060992537482404	19469	5086	-5027.579934596518	10081.159869193036	-185426.64360049285
main_cohort	gee_binomial	ft_profile	baseline_disease	t_years:C(ft_profile)[T.mixed]	-0.014801681477008326	0.018488161357036563	0.4233613871953751	-0.05103781187716516	0.02143444892314851	19469	5086	-5027.579934596518	10081.159869193036	-185426.64360049285
main_cohort	gee_binomial	ft_profile	baseline_disease	t_years:C(ft_profile)[T.shock_spike]	-0.03164225364155068	0.02278376242675922	0.16489138072007814	-0.07629760743031566	0.013013100147214289	19469	5086	-5027.579934596518	10081.159869193036	-185426.64360049285
main_cohort	gee_binomial	ft_profile	baseline_disease	t_years:C(ft_profile)[T.stable_low]	-0.034464118821611996	0.015408250125926268	0.025303892206713318	-0.06466373413321223	-0.004264503510011758	19469	5086	-5027.579934596518	10081.159869193036	-185426.64360049285
main_cohort	gee_binomial	ft_profile	baseline_disease	baseline_age	0.04332641659960978	0.0041574153015424675	1.9785203848174546e-25	0.035178032339810816	0.05147480085940874	19469	5086	-5027.579934596518	10081.159869193036	-185426.64360049285
main_cohort	gee_binomial	ft_profile	baseline_disease	sex	0.19769940206903813	0.05511718112152061	0.0003346422361320883	0.08967171214148675	0.30572709199658954	19469	5086	-5027.579934596518	10081.159869193036	-185426.64360049285
main_cohort	gee_binomial	ft_profile	baseline_disease	education_c	-0.16887387052921987	0.0162390409050464	2.4988832892559447e-25	-0.20070180584658354	-0.1370459352118562	19469	5086	-5027.579934596518	10081.159869193036	-185426.64360049285
main_cohort	gee_binomial	ft_profile	baseline_disease	residence_rural_w1	0.3212542330418717	0.0575063308670928	2.3180483785727897e-08	0.20854389565932577	0.4339645704244176	19469	5086	-5027.579934596518	10081.159869193036	-185426.64360049285
main_cohort	gee_binomial	ft_profile	baseline_disease	core_disease_count_w1	0.3129370963481621	0.019721990616931778	1.0653184419818074e-56	0.2742827050355389	0.35159148766078524	19469	5086	-5027.579934596518	10081.159869193036	-185426.64360049285
main_cohort	mixedlm_re_int	ft_profile	baseline_disease_adl	Intercept	-0.6043572941182543	0.1096059542000793	3.5094943881966633e-08	-0.8191810168415564	-0.38953357139495226	19376	5055	-25190.282420592135	50412.56484118427	50538.513488636956
main_cohort	mixedlm_re_int	ft_profile	baseline_disease_adl	C(ft_profile)[T.mixed]	-0.032951489721402896	0.038460675199333286	0.39157866244583595	-0.108333027933189	0.042430048490383204	19376	5055	-25190.282420592135	50412.56484118427	50538.513488636956
main_cohort	mixedlm_re_int	ft_profile	baseline_disease_adl	C(ft_profile)[T.shock_spike]	0.030305418524808374	0.04550284583455614	0.5054037510372535	-0.05887852050500007	0.11948935755461683	19376	5055	-25190.282420592135	50412.56484118427	50538.513488636956
main_cohort	mixedlm_re_int	ft_profile	baseline_disease_adl	C(ft_profile)[T.stable_low]	-0.034705726584284884	0.032144067976851015	0.28027889271406703	-0.09770694213552014	0.02829548896695038	19376	5055	-25190.282420592135	50412.56484118427	50538.513488636956
main_cohort	mixedlm_re_int	ft_profile	baseline_disease_adl	t_years	0.07642377279957471	0.006022064172162571	6.6649696355948416e-37	0.06462074390954706	0.08822680168960237	19376	5055	-25190.282420592135	50412.56484118427	50538.513488636956
main_cohort	mixedlm_re_int	ft_profile	baseline_disease_adl	t_years:C(ft_profile)[T.mixed]	-0.023453813734240925	0.008172538277995675	0.004106896422627702	-0.03947169442138744	-0.0074359330470944104	19376	5055	-25190.282420592135	50412.56484118427	50538.513488636956
main_cohort	mixedlm_re_int	ft_profile	baseline_disease_adl	t_years:C(ft_profile)[T.shock_spike]	-0.025576923393129305	0.009745300260536424	0.008676628220931688	-0.044677360922309506	-0.006476485863949107	19376	5055	-25190.282420592135	50412.56484118427	50538.513488636956
main_cohort	mixedlm_re_int	ft_profile	baseline_disease_adl	t_years:C(ft_profile)[T.stable_low]	-0.04208194919912926	0.006739666589380493	4.26734188556167e-10	-0.05529145298212293	-0.028872445416135595	19376	5055	-25190.282420592135	50412.56484118427	50538.513488636956
main_cohort	mixedlm_re_int	ft_profile	baseline_disease_adl	baseline_age	0.010125412746973794	0.0014173337514324872	9.066251391787117e-13	0.007347489640093074	0.012903335853854513	19376	5055	-25190.282420592135	50412.56484118427	50538.513488636956
main_cohort	mixedlm_re_int	ft_profile	baseline_disease_adl	sex	0.041744511228398576	0.017286547567418514	0.01574146134872044	0.007863500579219806	0.07562552187757735	19376	5055	-25190.282420592135	50412.56484118427	50538.513488636956
main_cohort	mixedlm_re_int	ft_profile	baseline_disease_adl	education_c	-0.0326278463448848	0.0048957597235955025	2.6554734513857163e-11	-0.04222335908009376	-0.023032333609675847	19376	5055	-25190.282420592135	50412.56484118427	50538.513488636956
main_cohort	mixedlm_re_int	ft_profile	baseline_disease_adl	residence_rural_w1	0.05806157500506335	0.017451053126094802	0.0008775169689510415	0.023858139385622416	0.09226501062450429	19376	5055	-25190.282420592135	50412.56484118427	50538.513488636956
main_cohort	mixedlm_re_int	ft_profile	baseline_disease_adl	core_disease_count_w1	0.08001125435247772	0.0072707025354837185	3.630788013304004e-28	0.06576093924062558	0.09426156946432986	19376	5055	-25190.282420592135	50412.56484118427	50538.513488636956
main_cohort	mixedlm_re_int	ft_profile	baseline_disease_adl	adl5_w1	0.5323653492879596	0.008701062049357314	0.0	0.515311581043971	0.5494191175319483	19376	5055	-25190.282420592135	50412.56484118427	50538.513488636956
main_cohort	mixedlm_re_int	ft_profile	baseline_disease_adl	Group Var	0.21297215892868285	0.01094507340508323	2.48031672278454e-84	0.19152020924657254	0.23442410861079316	19376	5055	-25190.282420592135	50412.56484118427	50538.513488636956
main_cohort	gee_binomial	ft_profile	baseline_disease_adl	Intercept	-4.982667763259374	0.2831935380774094	2.7111858301035736e-69	-5.537716898545569	-4.427618627973179	19376	5055	-4405.784352451969	8839.568704903939	-185643.42903983494
main_cohort	gee_binomial	ft_profile	baseline_disease_adl	C(ft_profile)[T.mixed]	-0.15560174293280396	0.07312097220236285	0.033336727441594036	-0.29891621496398957	-0.012287270901618325	19376	5055	-4405.784352451969	8839.568704903939	-185643.42903983494
main_cohort	gee_binomial	ft_profile	baseline_disease_adl	C(ft_profile)[T.shock_spike]	-0.029597195037541504	0.08840807410688752	0.7377915605907277	-0.20287383622958916	0.14367944615450612	19376	5055	-4405.784352451969	8839.568704903939	-185643.42903983494
main_cohort	gee_binomial	ft_profile	baseline_disease_adl	C(ft_profile)[T.stable_low]	-0.3154945204285005	0.061841784672325435	3.367228526761939e-07	-0.4367021911259395	-0.19428684973106153	19376	5055	-4405.784352451969	8839.568704903939	-185643.42903983494
main_cohort	gee_binomial	ft_profile	baseline_disease_adl	t_years	0.14171957205798694	0.013671100406160545	3.5269856971681835e-25	0.11492470763288136	0.1685144364830925	19376	5055	-4405.784352451969	8839.568704903939	-185643.42903983494
main_cohort	gee_binomial	ft_profile	baseline_disease_adl	t_years:C(ft_profile)[T.mixed]	-0.018755953468188084	0.019689218365630534	0.3407926728944465	-0.05734611234856852	0.01983420541219235	19376	5055	-4405.784352451969	8839.568704903939	-185643.42903983494
main_cohort	gee_binomial	ft_profile	baseline_disease_adl	t_years:C(ft_profile)[T.shock_spike]	-0.025556164460983428	0.025363312626665968	0.3136448122990475	-0.07526734373787872	0.024155014815911865	19376	5055	-4405.784352451969	8839.568704903939	-185643.42903983494
main_cohort	gee_binomial	ft_profile	baseline_disease_adl	t_years:C(ft_profile)[T.stable_low]	-0.03502590471041726	0.01619817272482917	0.03059222640923903	-0.06677373986644147	-0.0032780695543930607	19376	5055	-4405.784352451969	8839.568704903939	-185643.42903983494
main_cohort	gee_binomial	ft_profile	baseline_disease_adl	baseline_age	0.02631883787523137	0.003738399558664077	1.9205355524084725e-12	0.018991709380429347	0.03364596637003339	19376	5055	-4405.784352451969	8839.568704903939	-185643.42903983494
main_cohort	gee_binomial	ft_profile	baseline_disease_adl	sex	0.1221216508421994	0.04878686688488941	0.012308762318920658	0.02650114882926634	0.2177421528551325	19376	5055	-4405.784352451969	8839.568704903939	-185643.42903983494
main_cohort	gee_binomial	ft_profile	baseline_disease_adl	education_c	-0.10603857978467253	0.014104384504404283	5.556573580053637e-14	-0.13368266543740975	-0.07839449413193532	19376	5055	-4405.784352451969	8839.568704903939	-185643.42903983494
main_cohort	gee_binomial	ft_profile	baseline_disease_adl	residence_rural_w1	0.19695005983915786	0.05078448258697222	0.0001052519534708043	0.0974143029951908	0.2964858166831249	19376	5055	-4405.784352451969	8839.568704903939	-185643.42903983494
main_cohort	gee_binomial	ft_profile	baseline_disease_adl	core_disease_count_w1	0.2173575497649837	0.01950353608457252	7.615372194063616e-29	0.17913132146804422	0.2555837780619232	19376	5055	-4405.784352451969	8839.568704903939	-185643.42903983494
main_cohort	gee_binomial	ft_profile	baseline_disease_adl	adl5_w1	0.6747625139894908	0.01867850145995203	9.159500008317488e-286	0.638153323842806	0.7113717041361757	19376	5055	-4405.784352451969	8839.568704903939	-185643.42903983494
main_cohort	cluster_ols_fallback	ft_profile_alt_p90_only	baseline_disease	Intercept	-1.0874666684370298	0.1584969057045062	6.832159548123518e-12	-1.398114895278903	-0.7768184415951566	19469	5086	-28150.090373690316	56318.18074738063	56389.069956004445
main_cohort	cluster_ols_fallback	ft_profile_alt_p90_only	baseline_disease	C(ft_profile_alt_p90_only)[T.non_chronic]	-0.09354600504065909	0.05173300589137558	0.0705682099420559	-0.19494083339975365	0.007848823318435491	19469	5086	-28150.090373690316	56318.18074738063	56389.069956004445
main_cohort	cluster_ols_fallback	ft_profile_alt_p90_only	baseline_disease	t_years	0.09430446934089592	0.012636475232914545	8.465291029284346e-14	0.06953743299285103	0.11907150568894082	19469	5086	-28150.090373690316	56318.18074738063	56389.069956004445
main_cohort	cluster_ols_fallback	ft_profile_alt_p90_only	baseline_disease	t_years:C(ft_profile_alt_p90_only)[T.non_chronic]	-0.054006769501924685	0.012923225178177865	2.9273278235425706e-05	-0.07933582541525452	-0.028677713588594847	19469	5086	-28150.090373690316	56318.18074738063	56389.069956004445
main_cohort	cluster_ols_fallback	ft_profile_alt_p90_only	baseline_disease	baseline_age	0.01963163713629818	0.002063069257705975	1.804186932862422e-21	0.015588095693582688	0.023675178579013675	19469	5086	-28150.090373690316	56318.18074738063	56389.069956004445
main_cohort	cluster_ols_fallback	ft_profile_alt_p90_only	baseline_disease	sex	0.08650782157276074	0.022665520749573873	0.00013524050891333106	0.04208421721275066	0.13093142593277082	19469	5086	-28150.090373690316	56318.18074738063	56389.069956004445
main_cohort	cluster_ols_fallback	ft_profile_alt_p90_only	baseline_disease	education_c	-0.0627830513569826	0.005854426600143306	7.85057301703364e-27	-0.07425751664339676	-0.05130858607056844	19469	5086	-28150.090373690316	56318.18074738063	56389.069956004445
main_cohort	cluster_ols_fallback	ft_profile_alt_p90_only	baseline_disease	residence_rural_w1	0.12642890841987656	0.022517352588719577	1.9686671026625168e-08	0.08229570831879643	0.17056210852095668	19469	5086	-28150.090373690316	56318.18074738063	56389.069956004445
main_cohort	cluster_ols_fallback	ft_profile_alt_p90_only	baseline_disease	core_disease_count_w1	0.157435759998858	0.010063569929803654	3.6433470350696965e-55	0.13771152538054257	0.17715999461717344	19469	5086	-28150.090373690316	56318.18074738063	56389.069956004445
main_cohort	gee_binomial	ft_profile_alt_p90_only	baseline_disease	Intercept	-5.691162976002571	0.34443876773375787	2.5060128027352046e-61	-6.366250555640093	-5.016075396365048	19469	5086	-5049.945695111756	10117.891390223513	-185421.41839440633
main_cohort	gee_binomial	ft_profile_alt_p90_only	baseline_disease	C(ft_profile_alt_p90_only)[T.non_chronic]	-0.28859265189289796	0.10707391383100485	0.007033251330857988	-0.49845366668541263	-0.07873163710038328	19469	5086	-5049.945695111756	10117.891390223513	-185421.41839440633
main_cohort	gee_binomial	ft_profile_alt_p90_only	baseline_disease	t_years	0.14623661475628788	0.018088441514826976	6.240249757646849e-16	0.11078392085076787	0.18168930866180788	19469	5086	-5049.945695111756	10117.891390223513	-185421.41839440633
main_cohort	gee_binomial	ft_profile_alt_p90_only	baseline_disease	t_years:C(ft_profile_alt_p90_only)[T.non_chronic]	-0.04898599774650106	0.01915751520935689	0.010557555219731871	-0.08653403759011888	-0.011437957902883239	19469	5086	-5049.945695111756	10117.891390223513	-185421.41839440633
main_cohort	gee_binomial	ft_profile_alt_p90_only	baseline_disease	baseline_age	0.04231163366312373	0.0041176020311588955	9.059456673138112e-25	0.03424128197938332	0.05038198534686414	19469	5086	-5049.945695111756	10117.891390223513	-185421.41839440633
main_cohort	gee_binomial	ft_profile_alt_p90_only	baseline_disease	sex	0.19455098798439596	0.05501563743748901	0.0004057962511971204	0.08672232002040403	0.3023796559483879	19469	5086	-5049.945695111756	10117.891390223513	-185421.41839440633
main_cohort	gee_binomial	ft_profile_alt_p90_only	baseline_disease	education_c	-0.16487076109795717	0.016299236086263106	4.72834075528019e-24	-0.19681667680254844	-0.1329248453933659	19469	5086	-5049.945695111756	10117.891390223513	-185421.41839440633
main_cohort	gee_binomial	ft_profile_alt_p90_only	baseline_disease	residence_rural_w1	0.3212988213076522	0.05780631095929456	2.7257679563001957e-08	0.20800053374831184	0.43459710886699254	19469	5086	-5049.945695111756	10117.891390223513	-185421.41839440633
main_cohort	gee_binomial	ft_profile_alt_p90_only	baseline_disease	core_disease_count_w1	0.3370883137463654	0.018799693753382803	6.813753208058689e-72	0.30024159106935244	0.37393503642337833	19469	5086	-5049.945695111756	10117.891390223513	-185421.41839440633
main_cohort	cluster_ols_fallback	ft_profile_alt_p90_only	baseline_disease_adl	Intercept	-0.6053399839889186	0.11235108554205135	7.127309491622464e-08	-0.8255440652753181	-0.3851359027025192	19376	5055	-25576.236550694673	51172.47310138935	51251.19100604727
main_cohort	cluster_ols_fallback	ft_profile_alt_p90_only	baseline_disease_adl	C(ft_profile_alt_p90_only)[T.non_chronic]	-0.02169960766019439	0.03126444655692888	0.48764045263472366	-0.08297679690835229	0.03957758158796351	19376	5055	-25576.236550694673	51172.47310138935	51251.19100604727
main_cohort	cluster_ols_fallback	ft_profile_alt_p90_only	baseline_disease_adl	t_years	0.09450251618314168	0.012628525330253068	7.250221753510386e-14	0.06975106135799387	0.11925397100828948	19376	5055	-25576.236550694673	51172.47310138935	51251.19100604727
main_cohort	cluster_ols_fallback	ft_profile_alt_p90_only	baseline_disease_adl	t_years:C(ft_profile_alt_p90_only)[T.non_chronic]	-0.053344991120102485	0.012909933634347337	3.594816096025525e-05	-0.07864799608622555	-0.028041986153979417	19376	5055	-25576.236550694673	51172.47310138935	51251.19100604727
main_cohort	cluster_ols_fallback	ft_profile_alt_p90_only	baseline_disease_adl	baseline_age	0.009905059381385823	0.0015199380603024353	7.184606694500404e-11	0.006926035524461381	0.012884083238310265	19376	5055	-25576.236550694673	51172.47310138935	51251.19100604727
main_cohort	cluster_ols_fallback	ft_profile_alt_p90_only	baseline_disease_adl	sex	0.04213191083337149	0.017169364845236332	0.014131612636980729	0.008480574099280165	0.07578324756746282	19376	5055	-25576.236550694673	51172.47310138935	51251.19100604727
main_cohort	cluster_ols_fallback	ft_profile_alt_p90_only	baseline_disease_adl	education_c	-0.0317154781703082	0.004392853554189378	5.206809128748718e-13	-0.040325312925878154	-0.023105643414738253	19376	5055	-25576.236550694673	51172.47310138935	51251.19100604727
main_cohort	cluster_ols_fallback	ft_profile_alt_p90_only	baseline_disease_adl	residence_rural_w1	0.059631356267708685	0.017076313859752473	0.00047932699279410737	0.02616239611389168	0.09310031642152569	19376	5055	-25576.236550694673	51172.47310138935	51251.19100604727
main_cohort	cluster_ols_fallback	ft_profile_alt_p90_only	baseline_disease_adl	core_disease_count_w1	0.08742588504691223	0.008197977869569077	1.4948347932761185e-26	0.07135814367650044	0.10349362641732403	19376	5055	-25576.236550694673	51172.47310138935	51251.19100604727
main_cohort	cluster_ols_fallback	ft_profile_alt_p90_only	baseline_disease_adl	adl5_w1	0.5332078170475799	0.015053997920797554	8.500411643327697e-275	0.5037025232994758	0.562713110795684	19376	5055	-25576.236550694673	51172.47310138935	51251.19100604727
main_cohort	gee_binomial	ft_profile_alt_p90_only	baseline_disease_adl	Intercept	-4.962958785428131	0.28789980948873173	1.3655074520558538e-66	-5.527232043181988	-4.398685527674274	19376	5055	-4417.062398757633	8854.124797515266	-185660.36010908676
main_cohort	gee_binomial	ft_profile_alt_p90_only	baseline_disease_adl	C(ft_profile_alt_p90_only)[T.non_chronic]	-0.20867649813358313	0.07678563641624778	0.006574731156269106	-0.359173580039416	-0.058179416227750275	19376	5055	-4417.062398757633	8854.124797515266	-185660.36010908676
main_cohort	gee_binomial	ft_profile_alt_p90_only	baseline_disease_adl	t_years	0.1663871928115092	0.019311294525003752	6.929994382051017e-18	0.12853775104765633	0.2042366345753621	19376	5055	-4417.062398757633	8854.124797515266	-185660.36010908676
main_cohort	gee_binomial	ft_profile_alt_p90_only	baseline_disease_adl	t_years:C(ft_profile_alt_p90_only)[T.non_chronic]	-0.053433754078603554	0.02032847360170163	0.008575787504100853	-0.09327683019861199	-0.013590677958595122	19376	5055	-4417.062398757633	8854.124797515266	-185660.36010908676
main_cohort	gee_binomial	ft_profile_alt_p90_only	baseline_disease_adl	baseline_age	0.025313119032422112	0.0037187437775459482	9.972382182941102e-12	0.018024515160699625	0.0326017229041446	19376	5055	-4417.062398757633	8854.124797515266	-185660.36010908676
main_cohort	gee_binomial	ft_profile_alt_p90_only	baseline_disease_adl	sex	0.12110552742708472	0.04863099532100995	0.01276370828786569	0.025790528065569335	0.2164205267886001	19376	5055	-4417.062398757633	8854.124797515266	-185660.36010908676
main_cohort	gee_binomial	ft_profile_alt_p90_only	baseline_disease_adl	education_c	-0.1024746795837397	0.01407003159939071	3.2602337243417615e-13	-0.13005143477988598	-0.0748979243875934	19376	5055	-4417.062398757633	8854.124797515266	-185660.36010908676
main_cohort	gee_binomial	ft_profile_alt_p90_only	baseline_disease_adl	residence_rural_w1	0.1970490458727218	0.050815812937270714	0.00010544378951651315	0.09745188267054665	0.2966462090748969	19376	5055	-4417.062398757633	8854.124797515266	-185660.36010908676
main_cohort	gee_binomial	ft_profile_alt_p90_only	baseline_disease_adl	core_disease_count_w1	0.23558840219969157	0.018833344313328056	6.656467493270821e-36	0.19867572563712635	0.2725010787622568	19376	5055	-4417.062398757633	8854.124797515266	-185660.36010908676
main_cohort	gee_binomial	ft_profile_alt_p90_only	baseline_disease_adl	adl5_w1	0.6807390986707189	0.018721798099759955	1.7754528891984786e-289	0.644045048669359	0.7174331486720789	19376	5055	-4417.062398757633	8854.124797515266	-185660.36010908676
main_cohort	cluster_ols_fallback	ft_profile_alt_p95_any	baseline_disease	Intercept	-1.2102194134971078	0.1484015762325227	3.4909112483412475e-16	-1.5010811581618275	-0.9193576688323881	19469	5086	-28129.67328184256	56277.34656368512	56348.23577230893
main_cohort	cluster_ols_fallback	ft_profile_alt_p95_any	baseline_disease	C(ft_profile_alt_p95_any)[T.shock_any]	0.1450336012398692	0.03668952511530473	7.717824216567354e-05	0.07312345340399415	0.21694374907574424	19469	5086	-28129.67328184256	56277.34656368512	56348.23577230893
main_cohort	cluster_ols_fallback	ft_profile_alt_p95_any	baseline_disease	t_years	0.03958323235959681	0.0027794076037198343	5.055066668217406e-46	0.034135693557949154	0.04503077116124446	19469	5086	-28129.67328184256	56277.34656368512	56348.23577230893
main_cohort	cluster_ols_fallback	ft_profile_alt_p95_any	baseline_disease	t_years:C(ft_profile_alt_p95_any)[T.shock_any]	0.028055740266273617	0.008590083017701231	0.0010905452448173717	0.01121948692737006	0.04489199360517718	19469	5086	-28129.67328184256	56277.34656368512	56348.23577230893
main_cohort	cluster_ols_fallback	ft_profile_alt_p95_any	baseline_disease	baseline_age	0.019851406799984643	0.0020624193392951196	6.252363775323319e-22	0.015809139173947315	0.02389367442602197	19469	5086	-28129.67328184256	56277.34656368512	56348.23577230893
main_cohort	cluster_ols_fallback	ft_profile_alt_p95_any	baseline_disease	sex	0.08718039306512136	0.02263891665674686	0.00011768053793572647	0.04280893176889359	0.13155185436134914	19469	5086	-28129.67328184256	56277.34656368512	56348.23577230893
main_cohort	cluster_ols_fallback	ft_profile_alt_p95_any	baseline_disease	education_c	-0.06442532308555467	0.005854019343848504	3.6025732798389315e-28	-0.07589899016429853	-0.0529516560068108	19469	5086	-28129.67328184256	56277.34656368512	56348.23577230893
main_cohort	cluster_ols_fallback	ft_profile_alt_p95_any	baseline_disease	residence_rural_w1	0.1321455668378723	0.022378284009100132	3.524747564200405e-09	0.08828493614422742	0.17600619753151717	19469	5086	-28129.67328184256	56277.34656368512	56348.23577230893
main_cohort	cluster_ols_fallback	ft_profile_alt_p95_any	baseline_disease	core_disease_count_w1	0.15549441889422283	0.01008386795095855	1.1988784356786048e-53	0.13573040088548635	0.1752584369029593	19469	5086	-28129.67328184256	56277.34656368512	56348.23577230893
main_cohort	gee_binomial	ft_profile_alt_p95_any	baseline_disease	Intercept	-6.082063528993217	0.3268197974532223	2.67424175118185e-77	-6.722618561436208	-5.441508496550226	19469	5086	-5037.132758447429	10092.265516894859	-185447.04426773498
main_cohort	gee_binomial	ft_profile_alt_p95_any	baseline_disease	C(ft_profile_alt_p95_any)[T.shock_any]	0.4107205067696156	0.08298371503407694	7.443843105014482e-07	0.24807541399948976	0.5733655995397414	19469	5086	-5037.132758447429	10092.265516894859	-185447.04426773498
main_cohort	gee_binomial	ft_profile_alt_p95_any	baseline_disease	t_years	0.09866769273451097	0.006596530497624158	1.391283167715709e-50	0.08573873053624753	0.1115966549327744	19469	5086	-5037.132758447429	10092.265516894859	-185447.04426773498
main_cohort	gee_binomial	ft_profile_alt_p95_any	baseline_disease	t_years:C(ft_profile_alt_p95_any)[T.shock_any]	0.017984848311890463	0.014869292755284952	0.22645948261611426	-0.011158429964050389	0.04712812658783132	19469	5086	-5037.132758447429	10092.265516894859	-185447.04426773498
main_cohort	gee_binomial	ft_profile_alt_p95_any	baseline_disease	baseline_age	0.04296118722192408	0.0041498144879062865	4.0745957278669005e-25	0.03482770028310523	0.05109467416074293	19469	5086	-5037.132758447429	10092.265516894859	-185447.04426773498
main_cohort	gee_binomial	ft_profile_alt_p95_any	baseline_disease	sex	0.20108455707498735	0.055068106748949214	0.0002606510563771616	0.09315305115023981	0.3090160629997349	19469	5086	-5037.132758447429	10092.265516894859	-185447.04426773498
main_cohort	gee_binomial	ft_profile_alt_p95_any	baseline_disease	education_c	-0.16831027072056437	0.016252639762485283	3.9358012956096805e-25	-0.20016485930873915	-0.1364556821323896	19469	5086	-5037.132758447429	10092.265516894859	-185447.04426773498
main_cohort	gee_binomial	ft_profile_alt_p95_any	baseline_disease	residence_rural_w1	0.3362571584815289	0.05744402745306083	4.809037873407315e-09	0.2236689335465995	0.44884538341645824	19469	5086	-5037.132758447429	10092.265516894859	-185447.04426773498
main_cohort	gee_binomial	ft_profile_alt_p95_any	baseline_disease	core_disease_count_w1	0.3316448613168426	0.019029498984997582	5.064244529575293e-68	0.2943477286624058	0.3689419939712794	19469	5086	-5037.132758447429	10092.265516894859	-185447.04426773498
main_cohort	cluster_ols_fallback	ft_profile_alt_p95_any	baseline_disease_adl	Intercept	-0.6475291657766102	0.10816996708287979	2.1477448710128614e-09	-0.8595384054679378	-0.43551992608528267	19376	5055	-25572.961568165672	51165.923136331345	51244.64104098927
main_cohort	cluster_ols_fallback	ft_profile_alt_p95_any	baseline_disease_adl	C(ft_profile_alt_p95_any)[T.shock_any]	0.06267363614706747	0.020639020759972253	0.0023921713790694076	0.022221898781347366	0.10312537351278758	19376	5055	-25572.961568165672	51165.923136331345	51244.64104098927
main_cohort	cluster_ols_fallback	ft_profile_alt_p95_any	baseline_disease_adl	t_years	0.04032420854492582	0.0027620051556034504	2.824408407975665e-48	0.03491077791482911	0.04573763917502253	19376	5055	-25572.961568165672	51165.923136331345	51244.64104098927
main_cohort	cluster_ols_fallback	ft_profile_alt_p95_any	baseline_disease_adl	t_years:C(ft_profile_alt_p95_any)[T.shock_any]	0.028588304069611638	0.008580476597909788	0.0008629086278390951	0.011770878967519684	0.04540572917170359	19376	5055	-25572.961568165672	51165.923136331345	51244.64104098927
main_cohort	cluster_ols_fallback	ft_profile_alt_p95_any	baseline_disease_adl	baseline_age	0.0100914215149073	0.0015206222044720611	3.214879797466834e-11	0.007111056760050159	0.013071786269764442	19376	5055	-25572.961568165672	51165.923136331345	51244.64104098927
main_cohort	cluster_ols_fallback	ft_profile_alt_p95_any	baseline_disease_adl	sex	0.042869470330363105	0.017167858701173662	0.012522165509933406	0.009221085584390137	0.07651785507633607	19376	5055	-25572.961568165672	51165.923136331345	51244.64104098927
main_cohort	cluster_ols_fallback	ft_profile_alt_p95_any	baseline_disease_adl	education_c	-0.032786603720880846	0.0043930185676562625	8.435447161707191e-14	-0.041396761896902855	-0.024176445544858836	19376	5055	-25572.961568165672	51165.923136331345	51244.64104098927
main_cohort	cluster_ols_fallback	ft_profile_alt_p95_any	baseline_disease_adl	residence_rural_w1	0.0635554142281409	0.017081225469883922	0.0001986115272594015	0.03007682749536015	0.09703400096092166	19376	5055	-25572.961568165672	51165.923136331345	51244.64104098927
main_cohort	cluster_ols_fallback	ft_profile_alt_p95_any	baseline_disease_adl	core_disease_count_w1	0.08702113562331576	0.008281208265916894	7.913552203744722e-26	0.07079026567364324	0.10325200557298828	19376	5055	-25572.961568165672	51165.923136331345	51244.64104098927
main_cohort	cluster_ols_fallback	ft_profile_alt_p95_any	baseline_disease_adl	adl5_w1	0.5315603063806027	0.015065918320030203	1.0971236492128827e-272	0.5020316490793213	0.5610889636818841	19376	5055	-25572.961568165672	51165.923136331345	51244.64104098927
main_cohort	gee_binomial	ft_profile_alt_p95_any	baseline_disease_adl	Intercept	-5.263238869789972	0.2796945213519885	5.396777301388027e-79	-5.8114300583130385	-4.715047681266905	19376	5055	-4414.239399340764	8848.478798681528	-185666.0061079205
main_cohort	gee_binomial	ft_profile_alt_p95_any	baseline_disease_adl	C(ft_profile_alt_p95_any)[T.shock_any]	0.25912383224795466	0.05762076037124488	6.890058627049234e-06	0.1461892171585019	0.37205844733740745	19376	5055	-4414.239399340764	8848.478798681528	-185666.0061079205
main_cohort	gee_binomial	ft_profile_alt_p95_any	baseline_disease_adl	t_years	0.11341094344656123	0.007107334461507805	2.5513781820474917e-57	0.09948082387592555	0.12734106301719691	19376	5055	-4414.239399340764	8848.478798681528	-185666.0061079205
main_cohort	gee_binomial	ft_profile_alt_p95_any	baseline_disease_adl	t_years:C(ft_profile_alt_p95_any)[T.shock_any]	0.025292848037475283	0.016191586946492812	0.11826486832238337	-0.006442079230199498	0.05702777530515006	19376	5055	-4414.239399340764	8848.478798681528	-185666.0061079205
main_cohort	gee_binomial	ft_profile_alt_p95_any	baseline_disease_adl	baseline_age	0.026119647594131733	0.003720884221741708	2.2227816051240596e-12	0.018826848528874635	0.03341244665938883	19376	5055	-4414.239399340764	8848.478798681528	-185666.0061079205
main_cohort	gee_binomial	ft_profile_alt_p95_any	baseline_disease_adl	sex	0.1256586785762093	0.048697694464435816	0.009869093511370613	0.03021295129577954	0.22110440585663904	19376	5055	-4414.239399340764	8848.478798681528	-185666.0061079205
main_cohort	gee_binomial	ft_profile_alt_p95_any	baseline_disease_adl	education_c	-0.10583403921757766	0.014065669445388472	5.3011518339066646e-14	-0.13340224474898454	-0.07826583368617077	19376	5055	-4414.239399340764	8848.478798681528	-185666.0061079205
main_cohort	gee_binomial	ft_profile_alt_p95_any	baseline_disease_adl	residence_rural_w1	0.21272962034992016	0.05098949062216777	3.0189954477966054e-05	0.1127920551404285	0.3126671855594118	19376	5055	-4414.239399340764	8848.478798681528	-185666.0061079205
main_cohort	gee_binomial	ft_profile_alt_p95_any	baseline_disease_adl	core_disease_count_w1	0.23614740362468728	0.018946135203305268	1.171190793889041e-35	0.1990136609799825	0.27328114626939204	19376	5055	-4414.239399340764	8848.478798681528	-185666.0061079205
main_cohort	gee_binomial	ft_profile_alt_p95_any	baseline_disease_adl	adl5_w1	0.675259273031295	0.018920419752576547	5.763715149981071e-279	0.6381759317438647	0.7123426143187253	19376	5055	-4414.239399340764	8848.478798681528	-185666.0061079205
