model_id	outcome	term	estimate	std_error	p_value	ci_low	ci_high	n_obs	n_ids	r2	shock_quantile	weighted_ipw
change_cluster_ols_q0.9	delta_adl_per_year	Intercept	-0.3358649029322601	0.05569295581484072	1.6329826910401356e-09	-0.4450210905219285	-0.22670871534259174	11878	4210	0.2160437470626485	0.9	0
change_cluster_ols_q0.9	delta_adl_per_year	C(interval)[T.2013-2015]	0.06121507137133942	0.010463312727725414	4.902494940898257e-09	0.040707355266018055	0.08172278747666079	11878	4210	0.2160437470626485	0.9	0
change_cluster_ols_q0.9	delta_adl_per_year	C(interval)[T.2015-2018]	0.053684298646517026	0.008644714969675013	5.296047596490681e-10	0.036740968649339734	0.07062762864369432	11878	4210	0.2160437470626485	0.9	0
change_cluster_ols_q0.9	delta_adl_per_year	log_oop_raw_lag	-0.0003083767363193888	0.001524734382421742	0.8397216926824062	-0.003296801211855925	0.0026800477392171476	11878	4210	0.2160437470626485	0.9	0
change_cluster_ols_q0.9	delta_adl_per_year	oop_shock_q0_9_lag	0.04754662070418178	0.020055545542321404	0.01775218694723776	0.008238473750929003	0.08685476765743455	11878	4210	0.2160437470626485	0.9	0
change_cluster_ols_q0.9	delta_adl_per_year	adl5_lag	-0.23644635566169303	0.008559045607666642	5.525487822747916e-168	-0.2532217767947554	-0.21967093452863068	11878	4210	0.2160437470626485	0.9	0
change_cluster_ols_q0.9	delta_adl_per_year	core_disease_count_lag	0.0433000927409602	0.0038872440309511112	8.100492254935325e-29	0.03568123444117772	0.050918951040742684	11878	4210	0.2160437470626485	0.9	0
change_cluster_ols_q0.9	delta_adl_per_year	baseline_age	0.005420370990708898	0.0007798378879817209	3.636374459650734e-12	0.0038919168164849435	0.006948825164932852	11878	4210	0.2160437470626485	0.9	0
change_cluster_ols_q0.9	delta_adl_per_year	sex	0.0219776802518793	0.008640011191793664	0.010968219935084551	0.0050435694899407316	0.03891179101381787	11878	4210	0.2160437470626485	0.9	0
change_cluster_ols_q0.9	delta_adl_per_year	education_c	-0.014194430191165536	0.0022650197918928326	3.685386579582413e-10	-0.018633787407545895	-0.009755072974785176	11878	4210	0.2160437470626485	0.9	0
change_cluster_ols_q0.9	delta_adl_per_year	residence_rural_w1	0.03265160872859322	0.008593376291212422	0.00014491511307358458	0.01580890069221649	0.049494316764969945	11878	4210	0.2160437470626485	0.9	0
change_shock_only_cluster_ols_q0.9	delta_adl_per_year	Intercept	-0.31812688388396204	0.05411846577976265	4.143945276830495e-09	-0.4241971277108602	-0.21205664005706387	12286	4212	0.22218782693904704	0.9	0
change_shock_only_cluster_ols_q0.9	delta_adl_per_year	C(interval)[T.2013-2015]	0.06408557900797943	0.01038068588536088	6.67776670684029e-10	0.04373980853784881	0.08443134947811004	12286	4212	0.22218782693904704	0.9	0
change_shock_only_cluster_ols_q0.9	delta_adl_per_year	C(interval)[T.2015-2018]	0.05561656443044608	0.008538676127262126	7.342547734931857e-11	0.03888106674536036	0.0723520621155318	12286	4212	0.22218782693904704	0.9	0
change_shock_only_cluster_ols_q0.9	delta_adl_per_year	oop_shock_q0_9_lag	0.046185365781108934	0.01644371270539238	0.004974282154767324	0.013956281106416175	0.0784144504558017	12286	4212	0.22218782693904704	0.9	0
change_shock_only_cluster_ols_q0.9	delta_adl_per_year	adl5_lag	-0.23855371931095987	0.008270544888621093	6.065202087213103e-183	-0.254763689425179	-0.2223437491967407	12286	4212	0.22218782693904704	0.9	0
change_shock_only_cluster_ols_q0.9	delta_adl_per_year	core_disease_count_lag	0.04277069113754262	0.0037559140631585586	4.8231511464134656e-30	0.03540923484472435	0.050132147430360895	12286	4212	0.22218782693904704	0.9	0
change_shock_only_cluster_ols_q0.9	delta_adl_per_year	baseline_age	0.005131644919199547	0.000755336296820181	1.0917647839836973e-11	0.0036512129812161357	0.006612076857182958	12286	4212	0.22218782693904704	0.9	0
change_shock_only_cluster_ols_q0.9	delta_adl_per_year	sex	0.022762550432195383	0.008542524909361152	0.007707622828070036	0.006019509272811235	0.03950559159157953	12286	4212	0.22218782693904704	0.9	0
change_shock_only_cluster_ols_q0.9	delta_adl_per_year	education_c	-0.014639999397786239	0.0022239413397432384	4.6133720065008734e-11	-0.018998844327412744	-0.010281154468159734	12286	4212	0.22218782693904704	0.9	0
change_shock_only_cluster_ols_q0.9	delta_adl_per_year	residence_rural_w1	0.03415197389756413	0.008488444603231093	5.737641051884569e-05	0.017514928190467797	0.050789019604660465	12286	4212	0.22218782693904704	0.9	0
change_ipw_wls_q0.9	delta_adl_per_year	Intercept	-0.33876895067951646	0.056292349242800306	1.7655433539730082e-09	-0.44909992780055563	-0.22843797355847728	11878	4210	0.21775383681568816	0.9	1
change_ipw_wls_q0.9	delta_adl_per_year	C(interval)[T.2013-2015]	0.06215418438995978	0.010563502435028672	4.0080348020296925e-09	0.041450100066702425	0.08285826871321714	11878	4210	0.21775383681568816	0.9	1
change_ipw_wls_q0.9	delta_adl_per_year	C(interval)[T.2015-2018]	0.055229968987241446	0.008737161052591046	2.5941941522672447e-10	0.038105447997036926	0.07235448997744597	11878	4210	0.21775383681568816	0.9	1
change_ipw_wls_q0.9	delta_adl_per_year	log_oop_raw_lag	-0.00035250804289102804	0.0015388345945439095	0.8188108723834482	-0.0033685684263613873	0.0026635523405793313	11878	4210	0.21775383681568816	0.9	1
change_ipw_wls_q0.9	delta_adl_per_year	oop_shock_q0_9_lag	0.047757344302600785	0.02022484164600977	0.018209958166554917	0.008117383083395852	0.08739730552180572	11878	4210	0.21775383681568816	0.9	1
change_ipw_wls_q0.9	delta_adl_per_year	adl5_lag	-0.2359092511740482	0.008581261240603676	2.2363544281509474e-166	-0.2527282141475609	-0.2190902882005355	11878	4210	0.21775383681568816	0.9	1
change_ipw_wls_q0.9	delta_adl_per_year	core_disease_count_lag	0.04347916501644241	0.003934273060826357	2.1585944683526293e-28	0.03576813151187659	0.05119019852100823	11878	4210	0.21775383681568816	0.9	1
change_ipw_wls_q0.9	delta_adl_per_year	baseline_age	0.005454785737351474	0.0007883516033776828	4.541064128006351e-12	0.003909644987576811	0.006999926487126138	11878	4210	0.21775383681568816	0.9	1
change_ipw_wls_q0.9	delta_adl_per_year	sex	0.02164401840793772	0.008727277031935576	0.013136670432559405	0.004538869742240371	0.03874916707363507	11878	4210	0.21775383681568816	0.9	1
change_ipw_wls_q0.9	delta_adl_per_year	education_c	-0.014234825103642691	0.002283160078891674	4.526358801819709e-10	-0.01870973662921	-0.009759913578075381	11878	4210	0.21775383681568816	0.9	1
change_ipw_wls_q0.9	delta_adl_per_year	residence_rural_w1	0.03286333468144438	0.008697972937832742	0.00015791836889402446	0.01581562098478816	0.049911048378100606	11878	4210	0.21775383681568816	0.9	1
change_shock_only_ipw_wls_q0.9	delta_adl_per_year	Intercept	-0.33911962585240346	0.05629700244201375	1.7041110900273682e-09	-0.4494597230763139	-0.22877952862849305	11878	4210	0.2177500479977943	0.9	1
change_shock_only_ipw_wls_q0.9	delta_adl_per_year	C(interval)[T.2013-2015]	0.06203803108165905	0.01054738807669177	4.057346487009095e-09	0.04136553032037599	0.08271053184294211	11878	4210	0.2177500479977943	0.9	1
change_shock_only_ipw_wls_q0.9	delta_adl_per_year	C(interval)[T.2015-2018]	0.05514192088071263	0.008739250547809756	2.796033859650421e-10	0.038013304555133576	0.07227053720629169	11878	4210	0.2177500479977943	0.9	1
change_shock_only_ipw_wls_q0.9	delta_adl_per_year	oop_shock_q0_9_lag	0.04503808811746925	0.016613726263544407	0.006710161992708346	0.012475782991915006	0.07760039324302348	11878	4210	0.2177500479977943	0.9	1
change_shock_only_ipw_wls_q0.9	delta_adl_per_year	adl5_lag	-0.23596136355103597	0.008564265599840484	4.205148345152445e-167	-0.25274701568075864	-0.2191757114213133	11878	4210	0.2177500479977943	0.9	1
change_shock_only_ipw_wls_q0.9	delta_adl_per_year	core_disease_count_lag	0.04337100140202971	0.003877788922079388	4.858168335532697e-29	0.03577067477510571	0.050971328028953704	11878	4210	0.2177500479977943	0.9	1
change_shock_only_ipw_wls_q0.9	delta_adl_per_year	baseline_age	0.005456254125738469	0.0007885938756435102	4.549523836859562e-12	0.003910638531048331	0.0070018697204286065	11878	4210	0.2177500479977943	0.9	1
change_shock_only_ipw_wls_q0.9	delta_adl_per_year	sex	0.02165999045431444	0.008723050513764189	0.01302535847288751	0.004563125612013014	0.038756855296615864	11878	4210	0.2177500479977943	0.9	1
change_shock_only_ipw_wls_q0.9	delta_adl_per_year	education_c	-0.014237809466972583	0.002283802287697826	4.539285267011762e-10	-0.018713979698670506	-0.00976163923527466	11878	4210	0.2177500479977943	0.9	1
change_shock_only_ipw_wls_q0.9	delta_adl_per_year	residence_rural_w1	0.03282246030422534	0.008705392144766032	0.0001630123808003632	0.015760205229186017	0.04988471537926466	11878	4210	0.2177500479977943	0.9	1
lagged_level_cluster_ols_q0.9	adl5	Intercept	-0.8223187928337491	0.12495482188782905	4.6751827137861225e-11	-1.0672257434285113	-0.5774118422389869	11878	4210	0.23914051460875463	0.9	0
lagged_level_cluster_ols_q0.9	adl5	C(interval)[T.2013-2015]	0.12126502834446277	0.020368568767704494	2.6240845282076245e-09	0.08134336714313457	0.16118668954579096	11878	4210	0.23914051460875463	0.9	0
lagged_level_cluster_ols_q0.9	adl5	C(interval)[T.2015-2018]	0.15916204255033245	0.021010407517177483	3.58048861302643e-14	0.11798240051615497	0.20034168458450993	11878	4210	0.23914051460875463	0.9	0
lagged_level_cluster_ols_q0.9	adl5	log_oop_raw_lag	-0.0011243412373728862	0.0034641660324905266	0.7455115899498179	-0.007913981897521329	0.005665299422775557	11878	4210	0.23914051460875463	0.9	0
lagged_level_cluster_ols_q0.9	adl5	oop_shock_q0_9_lag	0.1053866267188087	0.04488007526978716	0.01886525342763756	0.01742329556657911	0.1933499578710383	11878	4210	0.23914051460875463	0.9	0
lagged_level_cluster_ols_q0.9	adl5	adl5_lag	0.47379787217568103	0.018830393374489263	1.0620666237111564e-139	0.4368909793469604	0.5107047650044017	11878	4210	0.23914051460875463	0.9	0
lagged_level_cluster_ols_q0.9	adl5	core_disease_count_lag	0.09681903896961004	0.00874353758818437	1.6922566709826393e-28	0.07968202019929646	0.11395605773992362	11878	4210	0.23914051460875463	0.9	0
lagged_level_cluster_ols_q0.9	adl5	baseline_age	0.013300822030752148	0.0017622713652441844	4.435400889200364e-14	0.009846833623887316	0.01675481043761698	11878	4210	0.23914051460875463	0.9	0
lagged_level_cluster_ols_q0.9	adl5	sex	0.04552057430870232	0.01911062791526899	0.0172212009142139	0.008064431872829327	0.08297671674457532	11878	4210	0.23914051460875463	0.9	0
lagged_level_cluster_ols_q0.9	adl5	education_c	-0.032952266296861224	0.004998042298742386	4.309258109435903e-11	-0.042748249195604084	-0.023156283398118364	11878	4210	0.23914051460875463	0.9	0
lagged_level_cluster_ols_q0.9	adl5	residence_rural_w1	0.07399507896951545	0.019112134732698467	0.00010811079037095105	0.0365359832257494	0.11145417471328149	11878	4210	0.23914051460875463	0.9	0
lagged_level_ipw_wls_q0.9	adl5	Intercept	-0.8287579491898536	0.1264865306280385	5.671684980449641e-11	-1.0766669937502316	-0.5808489046294757	11878	4210	0.24238489531939467	0.9	1
lagged_level_ipw_wls_q0.9	adl5	C(interval)[T.2013-2015]	0.1231208583816437	0.020552645625007956	2.091821820139323e-09	0.0828384131696134	0.163403303593674	11878	4210	0.24238489531939467	0.9	1
lagged_level_ipw_wls_q0.9	adl5	C(interval)[T.2015-2018]	0.16166893337936933	0.0212163562740944	2.536480622213135e-14	0.12008563919897389	0.20325222755976477	11878	4210	0.24238489531939467	0.9	1
lagged_level_ipw_wls_q0.9	adl5	log_oop_raw_lag	-0.0012281824557154254	0.003501394001699043	0.7257612307653016	-0.008090788594730126	0.005634423683299276	11878	4210	0.24238489531939467	0.9	1
lagged_level_ipw_wls_q0.9	adl5	oop_shock_q0_9_lag	0.10592498009765028	0.04532867742388887	0.01944852235920808	0.017082404879994253	0.19476755531530632	11878	4210	0.24238489531939467	0.9	1
lagged_level_ipw_wls_q0.9	adl5	adl5_lag	0.47442061205290986	0.018902111283097354	5.123582104846845e-139	0.43737315470627086	0.5114680693995488	11878	4210	0.24238489531939467	0.9	1
lagged_level_ipw_wls_q0.9	adl5	core_disease_count_lag	0.09726263687115438	0.008856512523475059	4.662374506156584e-28	0.07990419129651533	0.11462108244579344	11878	4210	0.24238489531939467	0.9	1
lagged_level_ipw_wls_q0.9	adl5	baseline_age	0.013391185390477671	0.0017838201105752126	6.048534482209174e-14	0.009894962218851997	0.016887408562103343	11878	4210	0.24238489531939467	0.9	1
lagged_level_ipw_wls_q0.9	adl5	sex	0.04467868265534138	0.019324713163526113	0.020777837813839673	0.0068029408432631056	0.08255442446741966	11878	4210	0.24238489531939467	0.9	1
lagged_level_ipw_wls_q0.9	adl5	education_c	-0.03313144167396168	0.005043363406992229	5.054733315945263e-11	-0.043016252312613676	-0.02324663103530969	11878	4210	0.24238489531939467	0.9	1
lagged_level_ipw_wls_q0.9	adl5	residence_rural_w1	0.07446001519571235	0.019373311415287007	0.00012132536799731793	0.03648902256047112	0.11243100783095358	11878	4210	0.24238489531939467	0.9	1
change_cluster_ols_q0.95	delta_adl_per_year	Intercept	-0.33599741931898897	0.05569022104593447	1.6061605414221562e-09	-0.4451482468600951	-0.22684659177788286	11878	4210	0.21611777401243215	0.95	0
change_cluster_ols_q0.95	delta_adl_per_year	C(interval)[T.2013-2015]	0.060775116618636806	0.010442188887460528	5.8794469011970745e-09	0.04030880247944979	0.08124143075782382	11878	4210	0.21611777401243215	0.95	0
change_cluster_ols_q0.95	delta_adl_per_year	C(interval)[T.2015-2018]	0.05303392394778555	0.008653047835857443	8.847207112897766e-10	0.036074261833002705	0.06999358606256839	11878	4210	0.21611777401243215	0.95	0
change_cluster_ols_q0.95	delta_adl_per_year	log_oop_raw_lag	0.0005063528219510948	0.0014028050500538493	0.7181313151967945	-0.002243094553485358	0.0032558001973875474	11878	4210	0.21611777401243215	0.95	0
change_cluster_ols_q0.95	delta_adl_per_year	oop_shock_q0_95_lag	0.06033267319920026	0.02512301189770317	0.016328435180051955	0.011092474696530769	0.10957287170186975	11878	4210	0.21611777401243215	0.95	0
change_cluster_ols_q0.95	delta_adl_per_year	adl5_lag	-0.23660630333438254	0.008569791926373636	8.595175362126514e-168	-0.253402786865077	-0.21980981980368808	11878	4210	0.21611777401243215	0.95	0
change_cluster_ols_q0.95	delta_adl_per_year	core_disease_count_lag	0.043576907841273556	0.003888710470932568	3.8100605178816284e-29	0.03595517537194193	0.051198640310605184	11878	4210	0.21611777401243215	0.95	0
change_cluster_ols_q0.95	delta_adl_per_year	baseline_age	0.005413537036003908	0.0007800114916226939	3.911854873244325e-12	0.0038847426048960617	0.006942331467111753	11878	4210	0.21611777401243215	0.95	0
change_cluster_ols_q0.95	delta_adl_per_year	sex	0.022306694626921114	0.008633141037929963	0.009770581402560315	0.005386049119123645	0.03922734013471858	11878	4210	0.21611777401243215	0.95	0
change_cluster_ols_q0.95	delta_adl_per_year	education_c	-0.014235615116148856	0.0022590086129238955	2.943813039262672e-10	-0.018663190638245473	-0.009808039594052237	11878	4210	0.21611777401243215	0.95	0
change_cluster_ols_q0.95	delta_adl_per_year	residence_rural_w1	0.03302854013561376	0.008595417096362492	0.00012174988674270104	0.016181832194643427	0.04987524807658409	11878	4210	0.21611777401243215	0.95	0
change_shock_only_cluster_ols_q0.95	delta_adl_per_year	Intercept	-0.31721450152712327	0.05415288650178671	4.691577594598792e-09	-0.42335220872951046	-0.21107679432473608	12286	4212	0.2222482219964228	0.95	0
change_shock_only_cluster_ols_q0.95	delta_adl_per_year	C(interval)[T.2013-2015]	0.06388831204316005	0.010374639293177904	7.361185317576772e-10	0.043554392675937276	0.08422223141038282	12286	4212	0.2222482219964228	0.95	0
change_shock_only_cluster_ols_q0.95	delta_adl_per_year	C(interval)[T.2015-2018]	0.055103091213178496	0.008539621071543258	1.0991904856042129e-10	0.03836574147133437	0.07184044095502262	12286	4212	0.2222482219964228	0.95	0
change_shock_only_cluster_ols_q0.95	delta_adl_per_year	oop_shock_q0_95_lag	0.06566551035202971	0.022671866038407373	0.0037753897739907535	0.021229469454434463	0.11010155124962495	12286	4212	0.2222482219964228	0.95	0
change_shock_only_cluster_ols_q0.95	delta_adl_per_year	adl5_lag	-0.2385784864910231	0.008290306985830567	4.0435665595742516e-182	-0.25482718960403183	-0.22232978337801437	12286	4212	0.2222482219964228	0.95	0
change_shock_only_cluster_ols_q0.95	delta_adl_per_year	core_disease_count_lag	0.04335940665418586	0.0037485652503689276	6.0610079990228285e-31	0.036012353769764395	0.05070645953860733	12286	4212	0.2222482219964228	0.95	0
change_shock_only_cluster_ols_q0.95	delta_adl_per_year	baseline_age	0.005118233509424813	0.0007558132610785633	1.2716980087878609e-11	0.00363686673867306	0.006599600280176566	12286	4212	0.2222482219964228	0.95	0
change_shock_only_cluster_ols_q0.95	delta_adl_per_year	sex	0.023085801932273112	0.00854212233020599	0.006880282623286095	0.006343549813534008	0.03982805405101222	12286	4212	0.2222482219964228	0.95	0
change_shock_only_cluster_ols_q0.95	delta_adl_per_year	education_c	-0.014665690268383373	0.002219052969052338	3.869609994285062e-11	-0.01901495416751263	-0.010316426369254115	12286	4212	0.2222482219964228	0.95	0
change_shock_only_cluster_ols_q0.95	delta_adl_per_year	residence_rural_w1	0.034661511464980435	0.008489135105583624	4.444961853868846e-05	0.018023112398141902	0.05129991053181897	12286	4212	0.2222482219964228	0.95	0
change_ipw_wls_q0.95	delta_adl_per_year	Intercept	-0.33892314903374265	0.056290125619996224	1.7333699931651135e-09	-0.44924976793417065	-0.22859653013331466	11878	4210	0.2178283540120438	0.95	1
change_ipw_wls_q0.95	delta_adl_per_year	C(interval)[T.2013-2015]	0.06171403664438469	0.010542321820692277	4.800845443613698e-09	0.041051465562397096	0.08237660772637229	11878	4210	0.2178283540120438	0.95	1
change_ipw_wls_q0.95	delta_adl_per_year	C(interval)[T.2015-2018]	0.05457503792781309	0.008746092861084452	4.377569276034558e-10	0.03743301091464468	0.0717170649409815	11878	4210	0.2178283540120438	0.95	1
change_ipw_wls_q0.95	delta_adl_per_year	log_oop_raw_lag	0.00046654256606169277	0.0014181757575920549	0.7421755457524217	-0.002313030842566541	0.0032461159746899264	11878	4210	0.2178283540120438	0.95	1
change_ipw_wls_q0.95	delta_adl_per_year	oop_shock_q0_95_lag	0.060578598014813564	0.025308427966551673	0.016683312958203397	0.01097499069504601	0.11018220533458112	11878	4210	0.2178283540120438	0.95	1
change_ipw_wls_q0.95	delta_adl_per_year	adl5_lag	-0.23607285376984216	0.008592443057706449	3.544490041394958e-166	-0.252913732702158	-0.2192319748375263	11878	4210	0.2178283540120438	0.95	1
change_ipw_wls_q0.95	delta_adl_per_year	core_disease_count_lag	0.04375568078273655	0.00393571835292681	1.0302373148086698e-28	0.0360418145577067	0.051469547007766396	11878	4210	0.2178283540120438	0.95	1
change_ipw_wls_q0.95	delta_adl_per_year	baseline_age	0.005448095800410604	0.0007885345905351946	4.876009273229609e-12	0.0039025964023975844	0.006993595198423624	11878	4210	0.2178283540120438	0.95	1
change_ipw_wls_q0.95	delta_adl_per_year	sex	0.021980968116437995	0.0087200607358925	0.01171097886394495	0.004889963131086854	0.039071973101789136	11878	4210	0.2178283540120438	0.95	1
change_ipw_wls_q0.95	delta_adl_per_year	education_c	-0.014276396947210435	0.002277060213282996	3.6183363409052163e-10	-0.0187393529558742	-0.00981344093854667	11878	4210	0.2178283540120438	0.95	1
change_ipw_wls_q0.95	delta_adl_per_year	residence_rural_w1	0.03324661442697595	0.008699134023835585	0.00013246481062137257	0.0161966250435712	0.050296603810380695	11878	4210	0.2178283540120438	0.95	1
change_shock_only_ipw_wls_q0.95	delta_adl_per_year	Intercept	-0.3383569525343755	0.05632667760928395	1.8893373783268286e-09	-0.4487552120173707	-0.22795869305138028	11878	4210	0.21781949691729174	0.95	1
change_shock_only_ipw_wls_q0.95	delta_adl_per_year	C(interval)[T.2013-2015]	0.061849508895101366	0.010541708775846438	4.434199939764259e-09	0.04118813935893252	0.08251087843127021	11878	4210	0.21781949691729174	0.95	1
change_shock_only_ipw_wls_q0.95	delta_adl_per_year	C(interval)[T.2015-2018]	0.05463639445900135	0.008743076838428137	4.128145812464424e-10	0.03750027874161588	0.07177251017638682	11878	4210	0.21781949691729174	0.95	1
change_shock_only_ipw_wls_q0.95	delta_adl_per_year	oop_shock_q0_95_lag	0.06425782314586356	0.022815883295647117	0.004857066301692343	0.01953951361092618	0.10897613268080095	11878	4210	0.21781949691729174	0.95	1
change_shock_only_ipw_wls_q0.95	delta_adl_per_year	adl5_lag	-0.23597752614134396	0.008580778370267071	1.721485024416595e-166	-0.2527955427063877	-0.2191595095763002	11878	4210	0.21781949691729174	0.95	1
change_shock_only_ipw_wls_q0.95	delta_adl_per_year	core_disease_count_lag	0.043969939646917304	0.0038702430477714727	6.537082407210966e-30	0.03638440266186869	0.05155547663196592	11878	4210	0.21781949691729174	0.95	1
change_shock_only_ipw_wls_q0.95	delta_adl_per_year	baseline_age	0.005444631042607676	0.0007890216649361567	5.182581216989673e-12	0.0038981769963109788	0.006991085088904374	11878	4210	0.21781949691729174	0.95	1
change_shock_only_ipw_wls_q0.95	delta_adl_per_year	sex	0.02199822795833204	0.008721483043613178	0.01165890395671509	0.004904435301073439	0.03909202061559064	11878	4210	0.21781949691729174	0.95	1
change_shock_only_ipw_wls_q0.95	delta_adl_per_year	education_c	-0.014266288755823964	0.002278148385342899	3.795110528584965e-10	-0.018731377542534122	-0.009801199969113807	11878	4210	0.21781949691729174	0.95	1
change_shock_only_ipw_wls_q0.95	delta_adl_per_year	residence_rural_w1	0.03333154397700793	0.008704694853671662	0.00012858891738687768	0.01627065556740032	0.050392432386615546	11878	4210	0.21781949691729174	0.95	1
lagged_level_cluster_ols_q0.95	adl5	Intercept	-0.8226911454284095	0.12496540373739247	4.599607875038352e-11	-1.0676188360672059	-0.5777634547896132	11878	4210	0.23916980077366723	0.95	0
lagged_level_cluster_ols_q0.95	adl5	C(interval)[T.2013-2015]	0.12023699582068519	0.02031605523211572	3.2523892751774554e-09	0.08041825925781185	0.16005573238355852	11878	4210	0.23916980077366723	0.95	0
lagged_level_cluster_ols_q0.95	adl5	C(interval)[T.2015-2018]	0.15766155899043297	0.02101734969242883	6.309368542404709e-14	0.11646831054278847	0.19885480743807746	11878	4210	0.23916980077366723	0.95	0
lagged_level_cluster_ols_q0.95	adl5	log_oop_raw_lag	0.0008355398606778833	0.0031668206249131445	0.7919017733910254	-0.005371314509650508	0.007042394231006274	11878	4210	0.23916980077366723	0.95	0
lagged_level_cluster_ols_q0.95	adl5	oop_shock_q0_95_lag	0.12867387541654074	0.05620370676561245	0.022054976607817047	0.01851663435829018	0.2388311164747913	11878	4210	0.23916980077366723	0.95	0
lagged_level_cluster_ols_q0.95	adl5	adl5_lag	0.47348438576792984	0.01884675318183119	2.7984733035261645e-139	0.43654542830602505	0.5104233432298346	11878	4210	0.23916980077366723	0.95	0
lagged_level_cluster_ols_q0.95	adl5	core_disease_count_lag	0.09742287376073629	0.008749889844463652	8.552573549271995e-29	0.08027340479689475	0.11457234272457782	11878	4210	0.23916980077366723	0.95	0
lagged_level_cluster_ols_q0.95	adl5	baseline_age	0.013285273705559944	0.0017629560599119176	4.853722893871558e-14	0.009829943321805947	0.01674060408931394	11878	4210	0.23916980077366723	0.95	0
lagged_level_cluster_ols_q0.95	adl5	sex	0.04627389652450585	0.01910167317545881	0.015413918647834098	0.00883530505615173	0.08371248799285996	11878	4210	0.23916980077366723	0.95	0
lagged_level_cluster_ols_q0.95	adl5	education_c	-0.033024755538736406	0.004989030851974777	3.604814215745692e-11	-0.04280307632636615	-0.02324643475110666	11878	4210	0.23916980077366723	0.95	0
lagged_level_cluster_ols_q0.95	adl5	residence_rural_w1	0.07477646622140263	0.01911112408426733	9.126255274891209e-05	0.037319351312162644	0.11223358113064262	11878	4210	0.23916980077366723	0.95	0
lagged_level_ipw_wls_q0.95	adl5	Intercept	-0.8291719818723778	0.12649842906107753	5.571626530346364e-11	-1.0771043469329846	-0.5812396168117709	11878	4210	0.24241809312984852	0.95	1
lagged_level_ipw_wls_q0.95	adl5	C(interval)[T.2013-2015]	0.12209604110457453	0.020499912408109073	2.5859717721689326e-09	0.08191695109845498	0.16227513111069408	11878	4210	0.24241809312984852	0.95	1
lagged_level_ipw_wls_q0.95	adl5	C(interval)[T.2015-2018]	0.16016224216935032	0.02122418331666802	4.4809144769608064e-14	0.11856360726740514	0.2017608770712955	11878	4210	0.24241809312984852	0.95	1
lagged_level_ipw_wls_q0.95	adl5	log_oop_raw_lag	0.0007293171410132848	0.0032050095521345733	0.8199919176557313	-0.005552386151277328	0.007011020433303897	11878	4210	0.24241809312984852	0.95	1
lagged_level_ipw_wls_q0.95	adl5	oop_shock_q0_95_lag	0.1297512322599553	0.05676170533909635	0.022260470248668625	0.018500334094251558	0.24100213042565904	11878	4210	0.24241809312984852	0.95	1
lagged_level_ipw_wls_q0.95	adl5	adl5_lag	0.47409545262986164	0.018919141991567353	1.391661437658516e-138	0.4370146157079902	0.511176289551733	11878	4210	0.24241809312984852	0.95	1
lagged_level_ipw_wls_q0.95	adl5	core_disease_count_lag	0.09786715381993032	0.00886279391414401	2.3838310029611157e-28	0.08049639694580728	0.11523791069405336	11878	4210	0.24241809312984852	0.95	1
lagged_level_ipw_wls_q0.95	adl5	baseline_age	0.013375968287651772	0.0017845370977143614	6.605443803216375e-14	0.009878339847055988	0.016873596728247557	11878	4210	0.24241809312984852	0.95	1
lagged_level_ipw_wls_q0.95	adl5	sex	0.04544816474727202	0.019315121531242714	0.01862345401693434	0.007591222189022161	0.08330510730552187	11878	4210	0.24241809312984852	0.95	1
lagged_level_ipw_wls_q0.95	adl5	education_c	-0.033206416714069535	0.0050343464052326065	4.224736894899646e-11	-0.04307355435402413	-0.023339279074114937	11878	4210	0.24241809312984852	0.95	1
lagged_level_ipw_wls_q0.95	adl5	residence_rural_w1	0.07526079967506061	0.019370300550925992	0.00010217383029541886	0.037295708225529293	0.11322589112459192	11878	4210	0.24241809312984852	0.95	1
change_cluster_ols_q0.975	delta_adl_per_year	Intercept	-0.33677389486653986	0.055734250149695054	1.5174961046362325e-09	-0.4460110178652883	-0.22753677186779142	11878	4210	0.2155984483881147	0.975	0
change_cluster_ols_q0.975	delta_adl_per_year	C(interval)[T.2013-2015]	0.06027433400972071	0.010447505588441656	7.96222847425097e-09	0.039797599328094124	0.0807510686913473	11878	4210	0.2155984483881147	0.975	0
change_cluster_ols_q0.975	delta_adl_per_year	C(interval)[T.2015-2018]	0.05249738621115621	0.008652981347313812	1.303451457229446e-09	0.03553785441152427	0.06945691801078815	11878	4210	0.2155984483881147	0.975	0
change_cluster_ols_q0.975	delta_adl_per_year	log_oop_raw_lag	0.0019416934989764417	0.0013433865236449438	0.1483533752701098	-0.0006912957046841138	0.004574682702636997	11878	4210	0.2155984483881147	0.975	0
change_cluster_ols_q0.975	delta_adl_per_year	oop_shock_q0_975_lag	0.024794953980433243	0.03281990580039665	0.4499578930761139	-0.03953087936434141	0.0891207873252079	11878	4210	0.2155984483881147	0.975	0
change_cluster_ols_q0.975	delta_adl_per_year	adl5_lag	-0.23632148715965667	0.008571689673213036	2.548284539436406e-167	-0.2531216902058081	-0.21952128411350522	11878	4210	0.2155984483881147	0.975	0
change_cluster_ols_q0.975	delta_adl_per_year	core_disease_count_lag	0.04348002688527939	0.0038947294094179388	6.130528676756013e-29	0.035846497513291276	0.0511135562572675	11878	4210	0.2155984483881147	0.975	0
change_cluster_ols_q0.975	delta_adl_per_year	baseline_age	0.005414351317110591	0.0007803957595840329	3.978140199190786e-12	0.0038848037346381078	0.006943898899583073	11878	4210	0.2155984483881147	0.975	0
change_cluster_ols_q0.975	delta_adl_per_year	sex	0.02245156389703772	0.008640815557214075	0.009368240872190918	0.005515876607844732	0.03938725118623071	11878	4210	0.2155984483881147	0.975	0
change_cluster_ols_q0.975	delta_adl_per_year	education_c	-0.014074427128234552	0.0022621466704307613	4.917562729079353e-10	-0.018508153130026045	-0.00964070112644306	11878	4210	0.2155984483881147	0.975	0
change_cluster_ols_q0.975	delta_adl_per_year	residence_rural_w1	0.032504838330123006	0.008604607957354612	0.0001583416643148409	0.015640116632621204	0.04936956002762481	11878	4210	0.2155984483881147	0.975	0
change_shock_only_cluster_ols_q0.975	delta_adl_per_year	Intercept	-0.3158196924301857	0.0541958186669227	5.630391829848183e-09	-0.42204154513001774	-0.20959783973035367	12286	4212	0.22157492936921863	0.975	0
change_shock_only_cluster_ols_q0.975	delta_adl_per_year	C(interval)[T.2013-2015]	0.06377114125410274	0.010379198134074893	8.04030409108201e-10	0.04342828672291062	0.08411399578529487	12286	4212	0.22157492936921863	0.975	0
change_shock_only_cluster_ols_q0.975	delta_adl_per_year	C(interval)[T.2015-2018]	0.05468778531382684	0.008536965734447542	1.4938893423358136e-10	0.037955639937057126	0.07141993069059656	12286	4212	0.22157492936921863	0.975	0
change_shock_only_cluster_ols_q0.975	delta_adl_per_year	oop_shock_q0_975_lag	0.04234611143310531	0.03105896772493221	0.1727532881718945	-0.01852834670475377	0.10322056957096439	12286	4212	0.22157492936921863	0.975	0
change_shock_only_cluster_ols_q0.975	delta_adl_per_year	adl5_lag	-0.23799146904609697	0.008281052411627835	1.2331635965521666e-181	-0.2542220335269761	-0.22176090456521785	12286	4212	0.22157492936921863	0.975	0
change_shock_only_cluster_ols_q0.975	delta_adl_per_year	core_disease_count_lag	0.04399277425766305	0.0037425931445828732	6.685789603100354e-32	0.03665742648549411	0.05132812202983199	12286	4212	0.22157492936921863	0.975	0
change_shock_only_cluster_ols_q0.975	delta_adl_per_year	baseline_age	0.005105384547844389	0.0007562866941713373	1.4724091715273753e-11	0.0036230898652817095	0.006587679230407068	12286	4212	0.22157492936921863	0.975	0
change_shock_only_cluster_ols_q0.975	delta_adl_per_year	sex	0.023261534351030757	0.008552937055768213	0.006533859303357166	0.006498085759687012	0.0400249829423745	12286	4212	0.22157492936921863	0.975	0
change_shock_only_cluster_ols_q0.975	delta_adl_per_year	education_c	-0.014450087778104172	0.0022252591997015733	8.377292097610583e-11	-0.018811515665785677	-0.010088659890422664	12286	4212	0.22157492936921863	0.975	0
change_shock_only_cluster_ols_q0.975	delta_adl_per_year	residence_rural_w1	0.034365396805641685	0.008502114631094154	5.300123542410557e-05	0.017701558336266094	0.05102923527501728	12286	4212	0.22157492936921863	0.975	0
change_ipw_wls_q0.975	delta_adl_per_year	Intercept	-0.3397204478434428	0.05633598746109531	1.6369977067565944e-09	-0.4501369543006897	-0.22930394138619592	11878	4210	0.21730696723941678	0.975	1
change_ipw_wls_q0.975	delta_adl_per_year	C(interval)[T.2013-2015]	0.06120737101142231	0.010547414597197505	6.511211579675106e-09	0.04053481827090316	0.08187992375194146	11878	4210	0.21730696723941678	0.975	1
change_ipw_wls_q0.975	delta_adl_per_year	C(interval)[T.2015-2018]	0.05403295048047142	0.008745676666455787	6.481726081966484e-10	0.03689173919378576	0.07117416176715709	11878	4210	0.21730696723941678	0.975	1
change_ipw_wls_q0.975	delta_adl_per_year	log_oop_raw_lag	0.0019134035549393873	0.0013575949289319669	0.15871490786043774	-0.0007474336113614821	0.004574240721240257	11878	4210	0.21730696723941678	0.975	1
change_ipw_wls_q0.975	delta_adl_per_year	oop_shock_q0_975_lag	0.02469385916233935	0.03309537693776447	0.45558148655198927	-0.040171887690456515	0.08955960601513521	11878	4210	0.21730696723941678	0.975	1
change_ipw_wls_q0.975	delta_adl_per_year	adl5_lag	-0.23578392159067252	0.008594183577913465	1.0408284446613086e-165	-0.25262821187990847	-0.21893963130143654	11878	4210	0.21730696723941678	0.975	1
change_ipw_wls_q0.975	delta_adl_per_year	core_disease_count_lag	0.043660032218091234	0.003941861608814194	1.6405103326112005e-28	0.0359341254327743	0.05138593900340817	11878	4210	0.21730696723941678	0.975	1
change_ipw_wls_q0.975	delta_adl_per_year	baseline_age	0.005448934344766039	0.0007889470889648676	4.964408347244708e-12	0.0039026264646871813	0.0069952422248448975	11878	4210	0.21730696723941678	0.975	1
change_ipw_wls_q0.975	delta_adl_per_year	sex	0.022128647718614673	0.008728201447935605	0.011234964504238542	0.0050216872308505335	0.03923560820637881	11878	4210	0.21730696723941678	0.975	1
change_ipw_wls_q0.975	delta_adl_per_year	education_c	-0.014112963811654718	0.002280537502075535	6.07634880814376e-10	-0.018582735181115705	-0.009643192442193731	11878	4210	0.21730696723941678	0.975	1
change_ipw_wls_q0.975	delta_adl_per_year	residence_rural_w1	0.03272123945417283	0.008708517418046744	0.00017169927448867494	0.01565285895606147	0.04978961995228419	11878	4210	0.21730696723941678	0.975	1
change_shock_only_ipw_wls_q0.975	delta_adl_per_year	Intercept	-0.337243100429812	0.056374749059009965	2.20189855138567e-09	-0.44773557822295484	-0.22675062263666915	11878	4210	0.21713676696613504	0.975	1
change_shock_only_ipw_wls_q0.975	delta_adl_per_year	C(interval)[T.2013-2015]	0.06174327952398732	0.010546433010064171	4.786690389900012e-09	0.04107265065889719	0.08241390838907744	11878	4210	0.21713676696613504	0.975	1
change_shock_only_ipw_wls_q0.975	delta_adl_per_year	C(interval)[T.2015-2018]	0.05422415611480158	0.008741171806306127	5.528948315391031e-10	0.03709177419176464	0.07135653803783852	11878	4210	0.21713676696613504	0.975	1
change_shock_only_ipw_wls_q0.975	delta_adl_per_year	oop_shock_q0_975_lag	0.040233623182017966	0.031332594461708205	0.19911323620027432	-0.02117713350512928	0.10164437986916522	11878	4210	0.21713676696613504	0.975	1
change_shock_only_ipw_wls_q0.975	delta_adl_per_year	adl5_lag	-0.23532621894925634	0.008573860966172554	7.557876027527271e-166	-0.25213067765140834	-0.21852176024710435	11878	4210	0.21713676696613504	0.975	1
change_shock_only_ipw_wls_q0.975	delta_adl_per_year	core_disease_count_lag	0.04464355589812552	0.0038622197708480747	6.644685166992624e-31	0.037073744246884754	0.052213367549366285	11878	4210	0.21713676696613504	0.975	1
change_shock_only_ipw_wls_q0.975	delta_adl_per_year	baseline_age	0.005434944157091671	0.0007894193970910818	5.789479261316977e-12	0.0038877105700958273	0.006982177744087515	11878	4210	0.21713676696613504	0.975	1
change_shock_only_ipw_wls_q0.975	delta_adl_per_year	sex	0.02220221325871076	0.008732770353680284	0.011009345352030596	0.005086297880238292	0.03931812863718323	11878	4210	0.21713676696613504	0.975	1
change_shock_only_ipw_wls_q0.975	delta_adl_per_year	education_c	-0.014040789553586178	0.0022841578245932897	7.894657429534082e-10	-0.018517656624794383	-0.009563922482377973	11878	4210	0.21713676696613504	0.975	1
change_shock_only_ipw_wls_q0.975	delta_adl_per_year	residence_rural_w1	0.033011938291978224	0.008718559793772786	0.00015284672935185261	0.0159238750991246	0.050100001484831846	11878	4210	0.21713676696613504	0.975	1
lagged_level_cluster_ols_q0.975	adl5	Intercept	-0.8244421078674771	0.12505977447589303	4.328181371630345e-11	-1.069554761754929	-0.5793294539800252	11878	4210	0.23869532483831635	0.975	0
lagged_level_cluster_ols_q0.975	adl5	C(interval)[T.2013-2015]	0.11909261610340323	0.02032964280425321	4.682571052747265e-09	0.07924724838850307	0.15893798381830337	11878	4210	0.23869532483831635	0.975	0
lagged_level_cluster_ols_q0.975	adl5	C(interval)[T.2015-2018]	0.15641954306987443	0.021019562274441347	9.945983844976896e-14	0.11522195804117258	0.1976171280985763	11878	4210	0.23869532483831635	0.975	0
lagged_level_cluster_ols_q0.975	adl5	log_oop_raw_lag	0.004132901846112593	0.0030237909643877326	0.17168962489333406	-0.0017936195408650001	0.010059423233090186	11878	4210	0.23869532483831635	0.975	0
lagged_level_cluster_ols_q0.975	adl5	oop_shock_q0_975_lag	0.038385180055200856	0.07414088847081474	0.604644613355646	-0.10692829112939695	0.18369865123979867	11878	4210	0.23869532483831635	0.975	0
lagged_level_cluster_ols_q0.975	adl5	adl5_lag	0.47421176916793306	0.01884047819274058	8.572421991556185e-140	0.43728511045864926	0.5111384278772169	11878	4210	0.23869532483831635	0.975	0
lagged_level_cluster_ols_q0.975	adl5	core_disease_count_lag	0.09720501763196536	0.00876012819604384	1.3074394392499414e-28	0.0800354818677656	0.11437455339616512	11878	4210	0.23869532483831635	0.975	0
lagged_level_cluster_ols_q0.975	adl5	baseline_age	0.013283735545077528	0.0017639588059158535	5.04929219664409e-14	0.009826439815270175	0.01674103127488488	11878	4210	0.23869532483831635	0.975	0
lagged_level_cluster_ols_q0.975	adl5	sex	0.046666158664220345	0.019115084379621457	0.014633425151959822	0.009201281718718125	0.08413103560972257	11878	4210	0.23869532483831635	0.975	0
lagged_level_cluster_ols_q0.975	adl5	education_c	-0.032644006277764176	0.0049943290195522145	6.309536331943736e-11	-0.04243271128302976	-0.022855301272498595	11878	4210	0.23869532483831635	0.975	0
lagged_level_cluster_ols_q0.975	adl5	residence_rural_w1	0.07358822473810728	0.019130321825610874	0.00011972922001867612	0.03609348294724943	0.11108296652896513	11878	4210	0.23869532483831635	0.975	0
lagged_level_ipw_wls_q0.975	adl5	Intercept	-0.8309681348532688	0.12659629629514915	5.2410845497058814e-11	-1.0790923161679227	-0.582843953538615	11878	4210	0.24193958129126603	0.975	1
lagged_level_ipw_wls_q0.975	adl5	C(interval)[T.2013-2015]	0.12093271729423088	0.020513105993141354	3.738021612044914e-09	0.0807277683366211	0.16113766625184067	11878	4210	0.24193958129126603	0.975	1
lagged_level_ipw_wls_q0.975	adl5	C(interval)[T.2015-2018]	0.15890126450282738	0.021225794473291693	7.08779735171996e-14	0.11729947179192633	0.2005030572137284	11878	4210	0.24193958129126603	0.975	1
lagged_level_ipw_wls_q0.975	adl5	log_oop_raw_lag	0.004068064270423661	0.0030603175313927596	0.18375071951684852	-0.0019300478723626741	0.010066176413209995	11878	4210	0.24193958129126603	0.975	1
lagged_level_ipw_wls_q0.975	adl5	oop_shock_q0_975_lag	0.03822468292581589	0.07496350276326272	0.6101141117317831	-0.10870108264514787	0.18515044849677964	11878	4210	0.24193958129126603	0.975	1
lagged_level_ipw_wls_q0.975	adl5	adl5_lag	0.4748369319500407	0.01891198670971865	4.0955168252463156e-139	0.437770119122892	0.5119037447771894	11878	4210	0.24193958129126603	0.975	1
lagged_level_ipw_wls_q0.975	adl5	core_disease_count_lag	0.09765050655567599	0.008873463841728208	3.624043137757091e-28	0.08025883700777028	0.1150421761035817	11878	4210	0.24193958129126603	0.975	1
lagged_level_ipw_wls_q0.975	adl5	baseline_age	0.013374309563750846	0.0017856200363072896	6.886906137487571e-14	0.009874558602515454	0.016874060524986238	11878	4210	0.24193958129126603	0.975	1
lagged_level_ipw_wls_q0.975	adl5	sex	0.045849465274776936	0.01932966255358577	0.01769331524025129	0.007964022836436296	0.08373490771311758	11878	4210	0.24193958129126603	0.975	1
lagged_level_ipw_wls_q0.975	adl5	education_c	-0.03281898550665087	0.005040350419264557	7.452760739513433e-11	-0.04269789079787076	-0.022940080215430977	11878	4210	0.24193958129126603	0.975	1
lagged_level_ipw_wls_q0.975	adl5	residence_rural_w1	0.07406269043372472	0.019389995822572722	0.0001336497508783363	0.03605899696110009	0.11206638390634935	11878	4210	0.24193958129126603	0.975	1
change_cluster_ols_q0.99	delta_adl_per_year	Intercept	-0.33653785867722386	0.05572057551975396	1.543615560224402e-09	-0.44574817989378585	-0.22732753746066187	11878	4210	0.2155834064644102	0.99	0
change_cluster_ols_q0.99	delta_adl_per_year	C(interval)[T.2013-2015]	0.06023645931893584	0.010448826589585533	8.170539585030716e-09	0.03975713552264372	0.08071578311522797	11878	4210	0.2155834064644102	0.99	0
change_cluster_ols_q0.99	delta_adl_per_year	C(interval)[T.2015-2018]	0.05242596209575285	0.008652656024565955	1.3701770742902526e-09	0.03546706791699006	0.06938485627451564	11878	4210	0.2155834064644102	0.99	0
change_cluster_ols_q0.99	delta_adl_per_year	log_oop_raw_lag	0.0021119250179033214	0.0012845895433667718	0.10016658556514729	-0.0004058242220123052	0.004629674257818948	11878	4210	0.2155834064644102	0.99	0
change_cluster_ols_q0.99	delta_adl_per_year	oop_shock_q0_99_lag	0.031156559775714746	0.05304441735108913	0.5569570052931199	-0.0728085878133315	0.13512170736476098	11878	4210	0.2155834064644102	0.99	0
change_cluster_ols_q0.99	delta_adl_per_year	adl5_lag	-0.23622145401170963	0.008570043378414442	3.038682951534846e-167	-0.2530184303793479	-0.21942447764407136	11878	4210	0.2155834064644102	0.99	0
change_cluster_ols_q0.99	delta_adl_per_year	core_disease_count_lag	0.043492998905610904	0.0038941317962591254	5.792178411745476e-29	0.03586064083389075	0.05112535697733106	11878	4210	0.2155834064644102	0.99	0
change_cluster_ols_q0.99	delta_adl_per_year	baseline_age	0.0054061688387245675	0.0007802777428190808	4.252703248192451e-12	0.0038768525648609623	0.006935485112588173	11878	4210	0.2155834064644102	0.99	0
change_cluster_ols_q0.99	delta_adl_per_year	sex	0.0225633367137328	0.008638244499824973	0.009000687574961806	0.005632688604424639	0.03949398482304096	11878	4210	0.2155834064644102	0.99	0
change_cluster_ols_q0.99	delta_adl_per_year	education_c	-0.014048534459894244	0.0022596708711538215	5.065202999491525e-10	-0.018477407984269983	-0.009619660935518505	11878	4210	0.2155834064644102	0.99	0
change_cluster_ols_q0.99	delta_adl_per_year	residence_rural_w1	0.0324478169506018	0.008610968405106618	0.00016443155636148053	0.015570629004580519	0.04932500489662309	11878	4210	0.2155834064644102	0.99	0
change_shock_only_cluster_ols_q0.99	delta_adl_per_year	Intercept	-0.3149685081321545	0.054187846848185624	6.1535497432523515e-09	-0.4211747363543706	-0.2087622799099384	12286	4212	0.22150791131136827	0.99	0
change_shock_only_cluster_ols_q0.99	delta_adl_per_year	C(interval)[T.2013-2015]	0.0637801186511987	0.01037947549911778	8.004889927782609e-10	0.04343672049451196	0.08412351680788545	12286	4212	0.22150791131136827	0.99	0
change_shock_only_cluster_ols_q0.99	delta_adl_per_year	C(interval)[T.2015-2018]	0.05457615636345903	0.008537122010607927	1.6286990459259043e-10	0.03784370469104332	0.07130860803587474	12286	4212	0.22150791131136827	0.99	0
change_shock_only_cluster_ols_q0.99	delta_adl_per_year	oop_shock_q0_99_lag	0.051330486823640206	0.05218575448711593	0.32530677053790913	-0.05095171247715655	0.15361268612443696	12286	4212	0.22150791131136827	0.99	0
change_shock_only_cluster_ols_q0.99	delta_adl_per_year	adl5_lag	-0.23772954859763742	0.008275364560960211	1.7364612524313405e-181	-0.2539489650960586	-0.2215101320992163	12286	4212	0.22150791131136827	0.99	0
change_shock_only_cluster_ols_q0.99	delta_adl_per_year	core_disease_count_lag	0.04418018867817686	0.003753270334973428	5.499074270198103e-32	0.036823913997386354	0.05153646335896736	12286	4212	0.22150791131136827	0.99	0
change_shock_only_cluster_ols_q0.99	delta_adl_per_year	baseline_age	0.005088175912926481	0.0007563174949502333	1.7252451153252196e-11	0.00360582086194647	0.006570530963906493	12286	4212	0.22150791131136827	0.99	0
change_shock_only_cluster_ols_q0.99	delta_adl_per_year	sex	0.02347287242384569	0.008552557620795221	0.006059499363860499	0.006710167511383484	0.04023557733630789	12286	4212	0.22150791131136827	0.99	0
change_shock_only_cluster_ols_q0.99	delta_adl_per_year	education_c	-0.014385537424433964	0.002223000307358712	9.72108974501281e-11	-0.01874253796447851	-0.010028536884389417	12286	4212	0.22150791131136827	0.99	0
change_shock_only_cluster_ols_q0.99	delta_adl_per_year	residence_rural_w1	0.03430925055928432	0.00850836609440111	5.520693093196422e-05	0.017633159446976424	0.050985341671592216	12286	4212	0.22150791131136827	0.99	0
change_ipw_wls_q0.99	delta_adl_per_year	Intercept	-0.339489569274121	0.05632263384325345	1.6642578368593361e-09	-0.4498799031213345	-0.22909923542690747	11878	4210	0.21728763762664383	0.99	1
change_ipw_wls_q0.99	delta_adl_per_year	C(interval)[T.2013-2015]	0.06116351261757374	0.010548954330973586	6.708484150060626e-09	0.04048794205430769	0.0818390831808398	11878	4210	0.21728763762664383	0.99	1
change_ipw_wls_q0.99	delta_adl_per_year	C(interval)[T.2015-2018]	0.05395525036781668	0.008745790353850914	6.860061828651493e-10	0.03681381625793108	0.07109668447770229	11878	4210	0.21728763762664383	0.99	1
change_ipw_wls_q0.99	delta_adl_per_year	log_oop_raw_lag	0.0020962433826141515	0.0012980574964726146	0.10633062837543829	-0.0004479025603344013	0.004640389325562704	11878	4210	0.21728763762664383	0.99	1
change_ipw_wls_q0.99	delta_adl_per_year	oop_shock_q0_99_lag	0.0293344114793199	0.05328046905962072	0.5819312633838613	-0.0750933889569374	0.1337622119155772	11878	4210	0.21728763762664383	0.99	1
change_ipw_wls_q0.99	delta_adl_per_year	adl5_lag	-0.23567781025494436	0.008592981324118043	1.3149088172220675e-165	-0.252519744170041	-0.2188358763398477	11878	4210	0.21728763762664383	0.99	1
change_ipw_wls_q0.99	delta_adl_per_year	core_disease_count_lag	0.04367125791153211	0.00394122401836295	1.5576693550103323e-28	0.0359466007805365	0.051395915042527725	11878	4210	0.21728763762664383	0.99	1
change_ipw_wls_q0.99	delta_adl_per_year	baseline_age	0.005440687845903491	0.0007888307201612985	5.3054238902016786e-12	0.003894608044488552	0.006986767647318429	11878	4210	0.21728763762664383	0.99	1
change_ipw_wls_q0.99	delta_adl_per_year	sex	0.02224130629604964	0.008725244296890108	0.01080089205792497	0.005140141717831521	0.03934247087426776	11878	4210	0.21728763762664383	0.99	1
change_ipw_wls_q0.99	delta_adl_per_year	education_c	-0.014085713279049297	0.002277905230632142	6.264581493786617e-10	-0.0185503254912837	-0.009621101066814894	11878	4210	0.21728763762664383	0.99	1
change_ipw_wls_q0.99	delta_adl_per_year	residence_rural_w1	0.0326601725574529	0.008715573733591489	0.00017872348381578023	0.01557796193501029	0.0497423831798955	11878	4210	0.21728763762664383	0.99	1
change_shock_only_ipw_wls_q0.99	delta_adl_per_year	Intercept	-0.3364398911291035	0.056369663325709855	2.3950828089566075e-09	-0.4469224010681431	-0.22595738119006387	11878	4210	0.21706734563682029	0.99	1
change_shock_only_ipw_wls_q0.99	delta_adl_per_year	C(interval)[T.2013-2015]	0.06175278425711997	0.010546724389173203	4.765440729561385e-09	0.041081584299470286	0.08242398421476965	11878	4210	0.21706734563682029	0.99	1
change_shock_only_ipw_wls_q0.99	delta_adl_per_year	C(interval)[T.2015-2018]	0.05411175970217229	0.008741391226174365	6.005305878306732e-10	0.036978947724096115	0.07124457168024846	11878	4210	0.21706734563682029	0.99	1
change_shock_only_ipw_wls_q0.99	delta_adl_per_year	oop_shock_q0_99_lag	0.04737793653185843	0.052506138416962486	0.3668808589032113	-0.055532203732662974	0.15028807679637984	11878	4210	0.21706734563682029	0.99	1
change_shock_only_ipw_wls_q0.99	delta_adl_per_year	adl5_lag	-0.23504530062833656	0.008567556177726927	1.068182420639973e-165	-0.25183740217220496	-0.21825319908446814	11878	4210	0.21706734563682029	0.99	1
change_shock_only_ipw_wls_q0.99	delta_adl_per_year	core_disease_count_lag	0.04483756849871145	0.003874128860392954	5.608754050105503e-31	0.03724441546087406	0.05243072153654884	11878	4210	0.21706734563682029	0.99	1
change_shock_only_ipw_wls_q0.99	delta_adl_per_year	baseline_age	0.005418340515506981	0.0007894997012352286	6.742679480185182e-12	0.0038709495352808	0.006965731495733161	11878	4210	0.21706734563682029	0.99	1
change_shock_only_ipw_wls_q0.99	delta_adl_per_year	sex	0.022415882917371108	0.00873161025755047	0.010252030900089004	0.005302241285531681	0.039529524549210535	11878	4210	0.21706734563682029	0.99	1
change_shock_only_ipw_wls_q0.99	delta_adl_per_year	education_c	-0.013975604836141188	0.002281577652354418	9.044882648492491e-10	-0.018447414862687295	-0.009503794809595081	11878	4210	0.21706734563682029	0.99	1
change_shock_only_ipw_wls_q0.99	delta_adl_per_year	residence_rural_w1	0.03295030711661353	0.008725505272033848	0.0001591619692575072	0.01584863103651282	0.050051983196714236	11878	4210	0.21706734563682029	0.99	1
lagged_level_cluster_ols_q0.99	adl5	Intercept	-0.8241829491559635	0.12501223917114848	4.315553006993564e-11	-1.0692024355581218	-0.579163462753805	11878	4210	0.23868229409750819	0.99	0
lagged_level_cluster_ols_q0.99	adl5	C(interval)[T.2013-2015]	0.11900926073411633	0.02033225034166323	4.821276315513892e-09	0.0791587823398042	0.15885973912842846	11878	4210	0.23868229409750819	0.99	0
lagged_level_cluster_ols_q0.99	adl5	C(interval)[T.2015-2018]	0.15628344431160884	0.0210177794123368	1.0395794220426821e-13	0.11508935362842129	0.1974775349947964	11878	4210	0.23868229409750819	0.99	0
lagged_level_cluster_ols_q0.99	adl5	log_oop_raw_lag	0.004458759636438199	0.0028959784550715456	0.12364851968149608	-0.0012172538355059775	0.010134773108382376	11878	4210	0.23868229409750819	0.99	0
lagged_level_cluster_ols_q0.99	adl5	oop_shock_q0_99_lag	0.03992508510255262	0.11839618734936999	0.7359540996950671	-0.1921271780090693	0.2719773482141746	11878	4210	0.23868229409750819	0.99	0
lagged_level_cluster_ols_q0.99	adl5	adl5_lag	0.47439466557851584	0.01884082620020622	6.790389722144965e-140	0.437467324787133	0.5113220063698987	11878	4210	0.23868229409750819	0.99	0
lagged_level_cluster_ols_q0.99	adl5	core_disease_count_lag	0.09721651611676063	0.008755983579409645	1.2148404429580548e-28	0.08005510365189361	0.11437792858162765	11878	4210	0.23868229409750819	0.99	0
lagged_level_cluster_ols_q0.99	adl5	baseline_age	0.01327175649384724	0.0017634940682013	5.238648006015123e-14	0.00981537163322267	0.016728141354471808	11878	4210	0.23868229409750819	0.99	0
lagged_level_cluster_ols_q0.99	adl5	sex	0.046847381043754466	0.019107850881702707	0.014216943842613352	0.009396681493655246	0.08429808059385369	11878	4210	0.23868229409750819	0.99	0
lagged_level_cluster_ols_q0.99	adl5	education_c	-0.03259396004124448	0.004988404770032327	6.405968087670104e-11	-0.04237105373081565	-0.022816866351673307	11878	4210	0.23868229409750819	0.99	0
lagged_level_cluster_ols_q0.99	adl5	residence_rural_w1	0.07348262342542669	0.019145912239177568	0.0001240243336139738	0.035957324985474035	0.11100792186537935	11878	4210	0.23868229409750819	0.99	0
lagged_level_ipw_wls_q0.99	adl5	Intercept	-0.8307377297614151	0.12654662092564625	5.2145665542877564e-11	-1.0787645491409246	-0.5827109103819057	11878	4210	0.24192415245154664	0.99	1
lagged_level_ipw_wls_q0.99	adl5	C(interval)[T.2013-2015]	0.12083551741385795	0.02051607316650807	3.8666901970980085e-09	0.0806247529033135	0.1610462819244024	11878	4210	0.24192415245154664	0.99	1
lagged_level_ipw_wls_q0.99	adl5	C(interval)[T.2015-2018]	0.15875073062960834	0.021224991934534303	7.464862336810112e-14	0.11715051086576798	0.2003509503934487	11878	4210	0.24192415245154664	0.99	1
lagged_level_ipw_wls_q0.99	adl5	log_oop_raw_lag	0.004424931573993561	0.002930545257122585	0.1310601221346292	-0.0013188315850313779	0.010168694733018499	11878	4210	0.24192415245154664	0.99	1
lagged_level_ipw_wls_q0.99	adl5	oop_shock_q0_99_lag	0.035600284167171314	0.11954199105236471	0.765851477651459	-0.1986977129356729	0.2698982812700155	11878	4210	0.24192415245154664	0.99	1
lagged_level_ipw_wls_q0.99	adl5	adl5_lag	0.47503473919795935	0.01891326761255427	3.2857921100398165e-139	0.43796541584738513	0.5121040625485336	11878	4210	0.24192415245154664	0.99	1
lagged_level_ipw_wls_q0.99	adl5	core_disease_count_lag	0.0976574981842187	0.008869023157759896	3.379389993188654e-28	0.0802745322169576	0.11504046415147981	11878	4210	0.24192415245154664	0.99	1
lagged_level_ipw_wls_q0.99	adl5	baseline_age	0.013362356780039698	0.0017851198463755599	7.13232599624063e-14	0.009863586173055928	0.01686112738702347	11878	4210	0.24192415245154664	0.99	1
lagged_level_ipw_wls_q0.99	adl5	sex	0.04603403227924125	0.019321671323920233	0.01719516856938143	0.00816425236323725	0.08390381219524526	11878	4210	0.24192415245154664	0.99	1
lagged_level_ipw_wls_q0.99	adl5	education_c	-0.03276487199098375	0.005033938615322212	7.575627045025106e-11	-0.04263121037740071	-0.02289853360456678	11878	4210	0.24192415245154664	0.99	1
lagged_level_ipw_wls_q0.99	adl5	residence_rural_w1	0.07394758280095648	0.019407126000966887	0.00013878059617540044	0.03591031479563053	0.11198485080628243	11878	4210	0.24192415245154664	0.99	1
