module	model_id	outcome	term	estimate	std_error	p_value	ci_low	ci_high	n_obs	n_ids
leg1	doc_any_logit_cluster	doctor_visit_any_wave	Intercept	-2.1641397778591087	0.3192553701261275	1.2125308886319761e-11	-2.7898688051773233	-1.5384107505408942	11859	4210
leg1	doc_any_logit_cluster	doctor_visit_any_wave	C(interval_lag)[T.2013-2015]	-0.18102558374184333	0.05594954736477531	0.001214236270328055	-0.2906846815281208	-0.07136648595556583	11859	4210
leg1	doc_any_logit_cluster	doctor_visit_any_wave	C(interval_lag)[T.2015-2018]	-0.5233826672573209	0.05920299727148113	9.531179434223834e-19	-0.639418409686247	-0.40734692482839474	11859	4210
leg1	doc_any_logit_cluster	doctor_visit_any_wave	oop_shock_p95_lag	-0.15131345594439224	0.11194623903211044	0.17648352774304066	-0.3707240526520408	0.06809714076325626	11859	4210
leg1	doc_any_logit_cluster	doctor_visit_any_wave	log_oop_raw_lag	0.03826041865149734	0.010394107503220387	0.0002323465247522508	0.017888342293747837	0.058632495009246846	11859	4210
leg1	doc_any_logit_cluster	doctor_visit_any_wave	doctor_visit_any_lag	0.5146811527702752	0.08262768117129154	4.69663811151498e-10	0.3527338735484854	0.6766284319920649	11859	4210
leg1	doc_any_logit_cluster	doctor_visit_any_wave	adl5_lag	0.06644902625044656	0.023313309728788957	0.004368331504732881	0.02075577882159295	0.11214227367930017	11859	4210
leg1	doc_any_logit_cluster	doctor_visit_any_wave	core_disease_count_lag	0.19614987477066453	0.019207601740588134	1.7504193201589423e-24	0.15850366712972294	0.23379608241160613	11859	4210
leg1	doc_any_logit_cluster	doctor_visit_any_wave	baseline_age	-0.0007909181452866907	0.00428116902796492	0.8534302262520356	-0.009181855251826285	0.007600018961252904	11859	4210
leg1	doc_any_logit_cluster	doctor_visit_any_wave	sex	0.17415754152561946	0.05146489914825057	0.0007143637117976734	0.07328819272706223	0.2750268903241767	11859	4210
leg1	doc_any_logit_cluster	doctor_visit_any_wave	education_c	0.03860238033084165	0.015121092251001809	0.010683535748681288	0.00896558411197041	0.0682391765497129	11859	4210
leg1	doc_any_logit_cluster	doctor_visit_any_wave	residence_rural_w1	0.2004919969669462	0.053655699838809266	0.00018649614723558863	0.09532875771758845	0.30565523621630397	11859	4210
leg1	doc_count_pois_gee	doctor_visit_count_wave	Intercept	-1.81917259363278	0.36355262901746227	5.618865269142665e-07	-2.5317226529918573	-1.1066225342737026	11706	4201
leg1	doc_count_pois_gee	doctor_visit_count_wave	C(interval_lag)[T.2013-2015]	-0.19201148842048485	0.061930935185821774	0.0019325085101332409	-0.31339389091357994	-0.07062908592738977	11706	4201
leg1	doc_count_pois_gee	doctor_visit_count_wave	C(interval_lag)[T.2015-2018]	-0.5048741733323676	0.07473682442936926	1.424807795646292e-11	-0.6513556575328247	-0.3583926891319106	11706	4201
leg1	doc_count_pois_gee	doctor_visit_count_wave	oop_shock_p95_lag	-0.3397409649028756	0.1266955103222733	0.007328089192340516	-0.5880596021374539	-0.09142232766829725	11706	4201
leg1	doc_count_pois_gee	doctor_visit_count_wave	log_oop_raw_lag	0.06030755809358919	0.00848335616900336	1.1694874198434704e-12	0.043680485534316915	0.07693463065286146	11706	4201
leg1	doc_count_pois_gee	doctor_visit_count_wave	doctor_visit_count_lag	0.06895822621657866	0.009655754552542833	9.220280203962218e-13	0.050033295050036036	0.08788315738312127	11706	4201
leg1	doc_count_pois_gee	doctor_visit_count_wave	adl5_lag	0.06896479846543736	0.02517305396124721	0.006150879607164318	0.01962651932050949	0.11830307761036524	11706	4201
leg1	doc_count_pois_gee	doctor_visit_count_wave	core_disease_count_lag	0.1706075355038913	0.021398634833269956	1.550897805051928e-15	0.12866698191235793	0.21254808909542466	11706	4201
leg1	doc_count_pois_gee	doctor_visit_count_wave	baseline_age	0.0005517177296936442	0.004903657888440853	0.910417880224536	-0.009059275124156158	0.010162710583543446	11706	4201
leg1	doc_count_pois_gee	doctor_visit_count_wave	sex	0.2545202385805767	0.0653520537393691	9.836010017261902e-05	0.1264325669356871	0.3826079102254663	11706	4201
leg1	doc_count_pois_gee	doctor_visit_count_wave	education_c	0.037102001507345744	0.017483966750618002	0.033832819791669556	0.002834056369238662	0.07136994664545282	11706	4201
leg1	doc_count_pois_gee	doctor_visit_count_wave	residence_rural_w1	0.2544191640892362	0.06714454865548732	0.00015117814398796296	0.12281826696628376	0.3860200612121887	11706	4201
leg1	doc_count_users_pois_gee	doctor_visit_count_wave	Intercept	0.2386155190098226	0.2818606801673406	0.3972334111436574	-0.3138212627761281	0.7910523007957733	2214	1709
leg1	doc_count_users_pois_gee	doctor_visit_count_wave	C(interval_lag)[T.2013-2015]	-0.04833361669367098	0.045743883385800155	0.29068789730718514	-0.13798998064283943	0.04132274725549748	2214	1709
leg1	doc_count_users_pois_gee	doctor_visit_count_wave	C(interval_lag)[T.2015-2018]	-0.008878723909128031	0.05920735655042565	0.8807963240004802	-0.12492301036778396	0.1071655625495279	2214	1709
leg1	doc_count_users_pois_gee	doctor_visit_count_wave	oop_shock_p95_lag	-0.13621739258099289	0.09746558385686578	0.16223478261265467	-0.3272464266726183	0.05481164151063253	2214	1709
leg1	doc_count_users_pois_gee	doctor_visit_count_wave	log_oop_raw_lag	0.008694247936252255	0.006630199592759077	0.18975300498004877	-0.004300704475867669	0.021689200348372177	2214	1709
leg1	doc_count_users_pois_gee	doctor_visit_count_wave	doctor_visit_count_lag	0.019285387008256508	0.009175425177518667	0.03556623045484511	0.0013018841174778882	0.037268889899035124	2214	1709
leg1	doc_count_users_pois_gee	doctor_visit_count_wave	adl5_lag	0.019896803312320067	0.01942477219928323	0.30569337556481646	-0.018175050606169956	0.057968657230810086	2214	1709
leg1	doc_count_users_pois_gee	doctor_visit_count_wave	core_disease_count_lag	0.024114901558603227	0.017345307062427064	0.1644426776756388	-0.009881275584542062	0.05811107870174852	2214	1709
leg1	doc_count_users_pois_gee	doctor_visit_count_wave	baseline_age	0.0033703945266978573	0.0037471020223273596	0.3684039781066608	-0.003973790483460969	0.010714579536856684	2214	1709
leg1	doc_count_users_pois_gee	doctor_visit_count_wave	sex	0.11436433407607946	0.051105825350537766	0.02523446028904277	0.014198756988831357	0.21452991116332756	2214	1709
leg1	doc_count_users_pois_gee	doctor_visit_count_wave	education_c	0.010753876935438665	0.012478153682091951	0.3887885829562596	-0.013702854875017422	0.03521060874589475	2214	1709
leg1	doc_count_users_pois_gee	doctor_visit_count_wave	residence_rural_w1	0.09880937263700733	0.05076231134473695	0.0515934464846206	-0.0006829293706860917	0.19830167464470075	2214	1709
leg1	hosp_any_logit_cluster	hospital_stay_any_wave	Intercept	-3.488578864326163	0.3340577760947436	1.576780590632196e-25	-4.143320074227406	-2.8338376544249204	11861	4208
leg1	hosp_any_logit_cluster	hospital_stay_any_wave	C(interval_lag)[T.2013-2015]	0.05199903058973071	0.061515163365271006	0.39794097463322153	-0.06856847410929821	0.17256653528875965	11861	4208
leg1	hosp_any_logit_cluster	hospital_stay_any_wave	C(interval_lag)[T.2015-2018]	0.3082337720745271	0.0585204848020696	1.3858892775526476e-07	0.1935357295046471	0.42293181464440716	11861	4208
leg1	hosp_any_logit_cluster	hospital_stay_any_wave	oop_shock_p95_lag	-0.12838128947795116	0.11019252580594693	0.2439932912043855	-0.3443546714231076	0.08759209246720531	11861	4208
leg1	hosp_any_logit_cluster	hospital_stay_any_wave	log_oop_raw_lag	0.05621229752172469	0.009020760973461632	4.6217787810342464e-10	0.03853193090059542	0.07389266414285398	11861	4208
leg1	hosp_any_logit_cluster	hospital_stay_any_wave	hospital_stay_any_lag	0.6325860877096228	0.08181757314857982	1.061487629301819e-14	0.4722265910359349	0.7929455843833106	11861	4208
leg1	hosp_any_logit_cluster	hospital_stay_any_wave	adl5_lag	0.035792802014555716	0.024666505283204715	0.14676063793779162	-0.01255265996499249	0.08413826399410393	11861	4208
leg1	hosp_any_logit_cluster	hospital_stay_any_wave	core_disease_count_lag	0.24730404490605717	0.01988002619356386	1.5885175663252798e-35	0.2083399095549591	0.2862681802571552	11861	4208
leg1	hosp_any_logit_cluster	hospital_stay_any_wave	baseline_age	0.023072370236966917	0.004411459193018628	1.694188882505978e-07	0.014426069099382275	0.03171867137455156	11861	4208
leg1	hosp_any_logit_cluster	hospital_stay_any_wave	sex	-0.12431402981610287	0.05418469888957747	0.021775311759348583	-0.23051408815282218	-0.018113971479383567	11861	4208
leg1	hosp_any_logit_cluster	hospital_stay_any_wave	education_c	-0.009007881846709836	0.01482160355321149	0.5433509555671852	-0.03805769100413525	0.02004192731071558	11861	4208
leg1	hosp_any_logit_cluster	hospital_stay_any_wave	residence_rural_w1	-0.1153232093922216	0.055054168152449526	0.036195660400477156	-0.22322739616983472	-0.0074190226146084864	11861	4208
leg1	any_contact_logit_cluster	any_contact_wave	Intercept	-2.3299345389325925	0.2837967903119741	2.2142950708940645e-16	-2.8861660268721274	-1.7737030509930576	11871	4210
leg1	any_contact_logit_cluster	any_contact_wave	C(interval_lag)[T.2013-2015]	-0.02760636049063486	0.049005499676619366	0.5732089103471583	-0.12365537490119809	0.06844265391992836	11871	4210
leg1	any_contact_logit_cluster	any_contact_wave	C(interval_lag)[T.2015-2018]	-0.07642602296486563	0.048734844971941964	0.11683427733542111	-0.17194456390201482	0.019092517972283563	11871	4210
leg1	any_contact_logit_cluster	any_contact_wave	oop_shock_p95_lag	-0.06367812810426564	0.10880610808736968	0.5583836249956168	-0.2769341812534825	0.14957792504495127	11871	4210
leg1	any_contact_logit_cluster	any_contact_wave	log_oop_raw_lag	0.027534588401428906	0.01766791217645427	0.11912620064156462	-0.007093883146438138	0.062163059949295954	11871	4210
leg1	any_contact_logit_cluster	any_contact_wave	any_contact_lag	0.5627776414434812	0.12972578725560613	1.4364820018515117e-05	0.308519770556388	0.8170355123305744	11871	4210
leg1	any_contact_logit_cluster	any_contact_wave	adl5_lag	0.06462542141620055	0.021123421511253675	0.002217658962449703	0.02322427602388471	0.10602656680851638	11871	4210
leg1	any_contact_logit_cluster	any_contact_wave	core_disease_count_lag	0.251751048596007	0.017395648317384042	1.8191264286347707e-47	0.21765620440620947	0.2858458927858045	11871	4210
leg1	any_contact_logit_cluster	any_contact_wave	baseline_age	0.013617237054670548	0.0037814042755106776	0.0003168665283855818	0.006205820863683845	0.021028653245657253	11871	4210
leg1	any_contact_logit_cluster	any_contact_wave	sex	0.015352180610810194	0.04494657620247738	0.7326782251603348	-0.07274148997443053	0.10344585119605093	11871	4210
leg1	any_contact_logit_cluster	any_contact_wave	education_c	0.018687176246492104	0.01268994808302597	0.14085980291492062	-0.006184664961921896	0.043559017454906104	11871	4210
leg1	any_contact_logit_cluster	any_contact_wave	residence_rural_w1	0.05098850265332466	0.046004465574805295	0.2677158204912188	-0.039178593001306466	0.1411555983079558	11871	4210
leg1	out_forg_cost_logit_cluster	outpatient_forgone_cost_raw	Intercept	-1.645015125463004	1.6876211339527902	0.3296823954566952	-4.952691767559119	1.6626615166331111	462	431
leg1	out_forg_cost_logit_cluster	outpatient_forgone_cost_raw	C(interval_lag)[T.2013-2015]	0.16610097984401528	0.27245776534238286	0.5421007271276235	-0.36790642753532043	0.700108387223351	462	431
leg1	out_forg_cost_logit_cluster	outpatient_forgone_cost_raw	oop_shock_p95_lag	1.049916193397262	0.7565966850945925	0.1652336610433386	-0.432986060210532	2.532818447005056	462	431
leg1	out_forg_cost_logit_cluster	outpatient_forgone_cost_raw	log_oop_raw_lag	-0.03651179111596422	0.04555724723699905	0.4228720006841721	-0.12580235493526923	0.0527787727033408	462	431
leg1	out_forg_cost_logit_cluster	outpatient_forgone_cost_raw	adl5_lag	0.10576821425040978	0.12585942841113032	0.4007021828312607	-0.1409117325502029	0.35244816105102245	462	431
leg1	out_forg_cost_logit_cluster	outpatient_forgone_cost_raw	core_disease_count_lag	0.09825616665397928	0.11273887358313105	0.3834606882135504	-0.1227079652265717	0.31922029853453027	462	431
leg1	out_forg_cost_logit_cluster	outpatient_forgone_cost_raw	baseline_age	0.001265650382502613	0.02372196300617212	0.9574502328966866	-0.045228542752186254	0.04775984351719148	462	431
leg1	out_forg_cost_logit_cluster	outpatient_forgone_cost_raw	sex	0.01169110486214571	0.3059780880455966	0.9695210761937877	-0.5880149277656492	0.6113971374899407	462	431
leg1	out_forg_cost_logit_cluster	outpatient_forgone_cost_raw	education_c	-0.31919467489398146	0.08549026351758096	0.00018869005279882126	-0.4867525124172787	-0.15163683737068426	462	431
leg1	out_forg_cost_logit_cluster	outpatient_forgone_cost_raw	residence_rural_w1	0.512756372607607	0.3033591147542054	0.09097784877356424	-0.08181656669258897	1.107329311907803	462	431
leg1	in_need_no_logit_cluster	inpatient_need_but_no_raw	Intercept	-2.916840076753264	0.879742321263989	0.0009145910045725435	-4.641103342106348	-1.1925768114001796	4104	2208
leg1	in_need_no_logit_cluster	inpatient_need_but_no_raw	C(interval_lag)[T.2013-2015]	-0.1889462812651417	0.13287223158518358	0.15502195136688324	-0.4493710697175669	0.07147850718728352	4104	2208
leg1	in_need_no_logit_cluster	inpatient_need_but_no_raw	oop_shock_p95_lag	-0.4063895867766696	0.2813910809881199	0.14867814028260593	-0.9579059710841781	0.1451267975308389	4104	2208
leg1	in_need_no_logit_cluster	inpatient_need_but_no_raw	log_oop_raw_lag	0.052955904887467056	0.02013493719801119	0.00853721448922383	0.013492153148389294	0.09241965662654482	4104	2208
leg1	in_need_no_logit_cluster	inpatient_need_but_no_raw	inpatient_need_but_no_lag	1.0841647672280783	0.2013717723690146	7.289045314552423e-08	0.6894833458818117	1.478846188574345	4104	2208
leg1	in_need_no_logit_cluster	inpatient_need_but_no_raw	adl5_lag	0.15054008143164588	0.05964644522573738	0.011606969309394425	0.03363519698335957	0.26744496587993216	4104	2208
leg1	in_need_no_logit_cluster	inpatient_need_but_no_raw	core_disease_count_lag	0.3072615402242479	0.05223171417827183	4.037189198905436e-09	0.204889261584045	0.4096338188644508	4104	2208
leg1	in_need_no_logit_cluster	inpatient_need_but_no_raw	baseline_age	-0.01083674310265586	0.012190920297926374	0.37404650661926486	-0.03473050782498986	0.013057021619678139	4104	2208
leg1	in_need_no_logit_cluster	inpatient_need_but_no_raw	sex	0.17218268877358872	0.14350193248501086	0.2301924717920999	-0.109075930608931	0.45344130815610845	4104	2208
leg1	in_need_no_logit_cluster	inpatient_need_but_no_raw	education_c	0.02627674649015565	0.04098534599100839	0.5214412104820165	-0.0540530555461339	0.10660654852644519	4104	2208
leg1	in_need_no_logit_cluster	inpatient_need_but_no_raw	residence_rural_w1	-0.03931870635824352	0.13624723943354947	0.7729001172374803	-0.3063583886410059	0.22772097592451884	4104	2208
leg1	in_forg_cost_logit_cluster	inpatient_forgone_cost_raw	Intercept	-1.2327746958845933	1.1451293713479775	0.2816869448321745	-3.477187021365623	1.011637629596436	4103	2207
leg1	in_forg_cost_logit_cluster	inpatient_forgone_cost_raw	C(interval_lag)[T.2013-2015]	-0.22306779865055099	0.17548198101106716	0.20366742913586056	-0.5670061613679842	0.12087056406688229	4103	2207
leg1	in_forg_cost_logit_cluster	inpatient_forgone_cost_raw	oop_shock_p95_lag	-0.4266344166264689	0.36544227278799923	0.24302997558516093	-1.1428881097194092	0.2896192764664714	4103	2207
leg1	in_forg_cost_logit_cluster	inpatient_forgone_cost_raw	log_oop_raw_lag	0.07813289458305331	0.02555633502133342	0.002233548700203671	0.028043398364400132	0.1282223908017065	4103	2207
leg1	in_forg_cost_logit_cluster	inpatient_forgone_cost_raw	inpatient_forgone_cost_lag	1.0948172973254497	0.30982024983247186	0.000409758498275847	0.48758076597260314	1.7020538286782965	4103	2207
leg1	in_forg_cost_logit_cluster	inpatient_forgone_cost_raw	adl5_lag	0.17474570086507066	0.07481061935901817	0.019499537596691676	0.028119581260260096	0.3213718204698812	4103	2207
leg1	in_forg_cost_logit_cluster	inpatient_forgone_cost_raw	core_disease_count_lag	0.27636137029683416	0.06487765361695245	2.0467282267340485e-05	0.14920350580614258	0.4035192347875257	4103	2207
leg1	in_forg_cost_logit_cluster	inpatient_forgone_cost_raw	baseline_age	-0.04100608650992604	0.01696501027063337	0.015644819295913114	-0.07425689563771956	-0.007755277382132525	4103	2207
leg1	in_forg_cost_logit_cluster	inpatient_forgone_cost_raw	sex	0.035519021136655456	0.1944992147888377	0.8550979070257549	-0.34569243487078666	0.41673047714409756	4103	2207
leg1	in_forg_cost_logit_cluster	inpatient_forgone_cost_raw	education_c	-0.08697204546435953	0.055650021000143136	0.11809037417007218	-0.19604408236353776	0.022099991434818694	4103	2207
leg1	in_forg_cost_logit_cluster	inpatient_forgone_cost_raw	residence_rural_w1	0.2246162744355945	0.1995208041718263	0.260259195975611	-0.16643731590765398	0.615669864778843	4103	2207
leg1	in_forg_cost_cond_logit_cluster	inpatient_forgone_cost_cond_raw	Intercept	2.6842390522262574	6.179738078380553	0.6640260974855086	-9.427825015290388	14.796303119742902	49	41
leg1	in_forg_cost_cond_logit_cluster	inpatient_forgone_cost_cond_raw	C(interval_lag)[T.2013-2015]	0.7709113403126513	0.9135202288636092	0.3987304152249853	-1.0195554074088102	2.561378088034113	49	41
leg1	in_forg_cost_cond_logit_cluster	inpatient_forgone_cost_cond_raw	oop_shock_p95_lag	-0.8134273722778836	1.7474184114450826	0.6415717563373817	-4.238304524632439	2.611449780076672	49	41
leg1	in_forg_cost_cond_logit_cluster	inpatient_forgone_cost_cond_raw	log_oop_raw_lag	0.19139410541519833	0.13877919834449998	0.16785567613982422	-0.08060812514336232	0.46339633597375895	49	41
leg1	in_forg_cost_cond_logit_cluster	inpatient_forgone_cost_cond_raw	inpatient_forgone_cost_cond_lag	1.865610665439691	1.0571006687670903	0.077591117752907	-0.2062685733770111	3.9374899042563927	49	41
leg1	in_forg_cost_cond_logit_cluster	inpatient_forgone_cost_cond_raw	adl5_lag	-0.1843069683276086	0.46599511752967393	0.6924645805813082	-1.097640615657279	0.7290266790020619	49	41
leg1	in_forg_cost_cond_logit_cluster	inpatient_forgone_cost_cond_raw	core_disease_count_lag	0.5356015022529482	0.35777955462793515	0.13438925158979934	-0.1656335392225855	1.236836543728482	49	41
leg1	in_forg_cost_cond_logit_cluster	inpatient_forgone_cost_cond_raw	baseline_age	-0.07613484450569644	0.07895625224000669	0.3349124872255308	-0.23088625525036952	0.07861656623897664	49	41
leg1	in_forg_cost_cond_logit_cluster	inpatient_forgone_cost_cond_raw	sex	-0.09674288738177252	1.0331490877614011	0.9253960512467988	-2.12167789005453	1.928192115290985	49	41
leg1	in_forg_cost_cond_logit_cluster	inpatient_forgone_cost_cond_raw	education_c	-0.4398659579337455	0.27613361703862566	0.11117229166447413	-0.9810779022502276	0.10134598638273662	49	41
leg1	in_forg_cost_cond_logit_cluster	inpatient_forgone_cost_cond_raw	residence_rural_w1	0.9351202458956942	0.865385618213265	0.2798830292918515	-0.7610043985412347	2.6312448903326233	49	41
leg1_burden	out_forg_cost_logit_cluster_burden	outpatient_forgone_cost_raw	Intercept	-1.4775750511834582	1.8172179346510526	0.4161622570082796	-5.0392567551597836	2.0841066527928667	340	315
leg1_burden	out_forg_cost_logit_cluster_burden	outpatient_forgone_cost_raw	C(interval_lag)[T.2013-2015]	0.2860744753561924	0.3195720009595954	0.37069085491519815	-0.3402751369920142	0.912424087704399	340	315
leg1_burden	out_forg_cost_logit_cluster_burden	outpatient_forgone_cost_raw	log_burden_ratio_raw_lag	0.028110589041582756	0.9317066044801507	0.9759306175165813	-1.7980007998976177	1.8542219779807831	340	315
leg1_burden	out_forg_cost_logit_cluster_burden	outpatient_forgone_cost_raw	adl5_lag	0.10964453685436396	0.1604148377350926	0.49428703109135097	-0.20476276769225435	0.4240518414009823	340	315
leg1_burden	out_forg_cost_logit_cluster_burden	outpatient_forgone_cost_raw	core_disease_count_lag	-0.01202817192165076	0.13477914692741558	0.9288883414809481	-0.2761904457664176	0.252134101923116	340	315
leg1_burden	out_forg_cost_logit_cluster_burden	outpatient_forgone_cost_raw	baseline_age	0.0028454022857377394	0.02617769067369414	0.9134438563817447	-0.04846192863313284	0.05415273320460831	340	315
leg1_burden	out_forg_cost_logit_cluster_burden	outpatient_forgone_cost_raw	sex	-0.02606265383991105	0.3543200214707943	0.9413630311157439	-0.7205171349241265	0.6683918272443045	340	315
leg1_burden	out_forg_cost_logit_cluster_burden	outpatient_forgone_cost_raw	education_c	-0.3441613463570733	0.1034619112709475	0.0008795836028118887	-0.5469429662198091	-0.1413797264943375	340	315
leg1_burden	out_forg_cost_logit_cluster_burden	outpatient_forgone_cost_raw	residence_rural_w1	0.35518699479036675	0.34899534567002677	0.30880089012971523	-0.3288313134949924	1.0392053030757258	340	315
leg1_burden	in_need_no_logit_cluster_burden	inpatient_need_but_no_raw	Intercept	-2.9702894632392125	1.0634279095968664	0.005220115397920319	-5.054569866203787	-0.8860090602746378	2892	1550
leg1_burden	in_need_no_logit_cluster_burden	inpatient_need_but_no_raw	C(interval_lag)[T.2013-2015]	-0.14362759464765462	0.16248275781554436	0.3767200119627462	-0.46208794807486553	0.17483275877955629	2892	1550
leg1_burden	in_need_no_logit_cluster_burden	inpatient_need_but_no_raw	log_burden_ratio_raw_lag	-0.13189764613598046	0.18282051009188657	0.4706266739648761	-0.4902192615513197	0.22642396927935873	2892	1550
leg1_burden	in_need_no_logit_cluster_burden	inpatient_need_but_no_raw	inpatient_need_but_no_lag	1.093404872130054	0.24058903022308306	5.501365196562674e-06	0.6218590378173927	1.5649507064427153	2892	1550
leg1_burden	in_need_no_logit_cluster_burden	inpatient_need_but_no_raw	adl5_lag	0.07628312437551668	0.07860497298585487	0.33181635193536774	-0.07777979168250274	0.2303460404335361	2892	1550
leg1_burden	in_need_no_logit_cluster_burden	inpatient_need_but_no_raw	core_disease_count_lag	0.3923999673182979	0.05951315241199381	4.295769069927131e-11	0.275756331984347	0.5090436026522488	2892	1550
leg1_burden	in_need_no_logit_cluster_burden	inpatient_need_but_no_raw	baseline_age	-0.010266726260202953	0.014915445982238458	0.49124595092796186	-0.03950046319874298	0.018967010678337077	2892	1550
leg1_burden	in_need_no_logit_cluster_burden	inpatient_need_but_no_raw	sex	0.20955761394258593	0.1701410244497558	0.21807234036466006	-0.12391266627168418	0.543027894156856	2892	1550
leg1_burden	in_need_no_logit_cluster_burden	inpatient_need_but_no_raw	education_c	-0.01311918560499353	0.049177753280325996	0.7896456845988221	-0.10950581087502899	0.08326743966504192	2892	1550
leg1_burden	in_need_no_logit_cluster_burden	inpatient_need_but_no_raw	residence_rural_w1	0.01939468927143395	0.16372149785010745	0.905702022734459	-0.30149355000972855	0.34028292855259645	2892	1550
leg1_burden	in_forg_cost_logit_cluster_burden	inpatient_forgone_cost_raw	Intercept	-0.5630358187921575	1.5505624185074824	0.7165173678778578	-3.6020823148481456	2.476010677263831	2892	1550
leg1_burden	in_forg_cost_logit_cluster_burden	inpatient_forgone_cost_raw	C(interval_lag)[T.2013-2015]	-0.11868796890255412	0.21419453721847573	0.5795015415801772	-0.5385015475359907	0.3011256097308825	2892	1550
leg1_burden	in_forg_cost_logit_cluster_burden	inpatient_forgone_cost_raw	log_burden_ratio_raw_lag	-0.13764357846298478	0.221959003568277	0.535171782640665	-0.572675231501205	0.29738807457523553	2892	1550
leg1_burden	in_forg_cost_logit_cluster_burden	inpatient_forgone_cost_raw	inpatient_forgone_cost_lag	1.13401498294303	0.38679999906834617	0.0033701843932743727	0.375900915548945	1.8921290503371149	2892	1550
leg1_burden	in_forg_cost_logit_cluster_burden	inpatient_forgone_cost_raw	adl5_lag	0.17484151297866363	0.0947302553676297	0.06493902756045986	-0.01082637578817272	0.36050940174549995	2892	1550
leg1_burden	in_forg_cost_logit_cluster_burden	inpatient_forgone_cost_raw	core_disease_count_lag	0.33954807400035364	0.08101433734407651	2.774710907775181e-05	0.18076289057458533	0.49833325742612194	2892	1550
leg1_burden	in_forg_cost_logit_cluster_burden	inpatient_forgone_cost_raw	baseline_age	-0.054218069895404696	0.023703800169174248	0.022177413534057992	-0.10067666452372066	-0.007759475267088728	2892	1550
leg1_burden	in_forg_cost_logit_cluster_burden	inpatient_forgone_cost_raw	sex	0.15628264071178286	0.24003926995981814	0.5150005664698392	-0.31418568328474805	0.6267509647083137	2892	1550
leg1_burden	in_forg_cost_logit_cluster_burden	inpatient_forgone_cost_raw	education_c	-0.09510514957040711	0.06491593277194146	0.14290701505846146	-0.2223380398262358	0.03212774068542157	2892	1550
leg1_burden	in_forg_cost_logit_cluster_burden	inpatient_forgone_cost_raw	residence_rural_w1	0.24571388976516087	0.2442845927384908	0.3144872739524367	-0.2330751139803159	0.7245028935106377	2892	1550
leg1_burden	in_forg_cost_cond_logit_cluster_burden	inpatient_forgone_cost_cond_raw	Intercept	7.132341817629362	11.334236996916863	0.5291696225993434	-15.082354488569107	29.34703812382783	30	26
leg1_burden	in_forg_cost_cond_logit_cluster_burden	inpatient_forgone_cost_cond_raw	C(interval_lag)[T.2013-2015]	1.005297412327204	1.351512508607714	0.45697849419721503	-1.6436184291992952	3.6542132538537033	30	26
leg1_burden	in_forg_cost_cond_logit_cluster_burden	inpatient_forgone_cost_cond_raw	log_burden_ratio_raw_lag	0.4825599214589782	1.5867157447050515	0.7610326632344542	-2.6273457918655736	3.59246563478353	30	26
leg1_burden	in_forg_cost_cond_logit_cluster_burden	inpatient_forgone_cost_cond_raw	inpatient_forgone_cost_cond_lag	-1.0614919222349464	2.102320221644424	0.6136189031784121	-5.181963840628281	3.0589799961583886	30	26
leg1_burden	in_forg_cost_cond_logit_cluster_burden	inpatient_forgone_cost_cond_raw	adl5_lag	0.19615720160651523	0.6653872098818753	0.7681454584403075	-1.1079777655355543	1.5002921687485846	30	26
leg1_burden	in_forg_cost_cond_logit_cluster_burden	inpatient_forgone_cost_cond_raw	core_disease_count_lag	0.4072290255869251	0.47395311874996215	0.39022028370917394	-0.5217020175234361	1.3361600686972863	30	26
leg1_burden	in_forg_cost_cond_logit_cluster_burden	inpatient_forgone_cost_cond_raw	baseline_age	-0.052150582391500666	0.1184625390840426	0.6597716413705594	-0.28433289251339267	0.18003172773039136	30	26
leg1_burden	in_forg_cost_cond_logit_cluster_burden	inpatient_forgone_cost_cond_raw	sex	-0.573255946170333	1.3174778793415056	0.6634780973918054	-3.155465140107891	2.0089532477672245	30	26
leg1_burden	in_forg_cost_cond_logit_cluster_burden	inpatient_forgone_cost_cond_raw	education_c	-1.2342073977130879	0.7987863571120059	0.12232129061830349	-2.7997998889945697	0.33138509356839374	30	26
leg1_burden	in_forg_cost_cond_logit_cluster_burden	inpatient_forgone_cost_cond_raw	residence_rural_w1	0.039499912180181174	1.6893293330934516	0.9813455565252696	-3.271524738710052	3.350524563070415	30	26
leg2	adl_lead_no_mediator_cluster_ols	adl5_lead	Intercept	-0.8386955903385144	0.146950156558467	1.1475043720143753e-08	-1.1267126047156322	-0.5506785759613966	8078	4204
leg2	adl_lead_no_mediator_cluster_ols	adl5_lead	C(interval_lag)[T.2013-2015]	0.034970693918978	0.010983670093379872	0.001453149484732318	0.01344309611788376	0.056498291720072244	8078	4204
leg2	adl_lead_no_mediator_cluster_ols	adl5_lead	C(interval_lead)[T.2015-2018]	0.03497069391897871	0.010983670093379829	0.0014531494847319299	0.013443096117884551	0.05649829172007287	8078	4204
leg2	adl_lead_no_mediator_cluster_ols	adl5_lead	oop_shock_p95_lag	0.008876998795630003	0.0670037417741652	0.8946005914867032	-0.1224479219111557	0.1402019195024157	8078	4204
leg2	adl_lead_no_mediator_cluster_ols	adl5_lead	log_oop_raw_lag	0.007837821499070191	0.0039177983563659065	0.045438979388097434	0.0001590778219027946	0.015516565176237588	8078	4204
leg2	adl_lead_no_mediator_cluster_ols	adl5_lead	adl5	0.4443130491907402	0.01943567785340819	1.1440183937634046e-115	0.40621982058293743	0.482406277798543	8078	4204
leg2	adl_lead_no_mediator_cluster_ols	adl5_lead	adl5_lag	0.26403577800509753	0.02022162343860838	5.7890664287708974e-39	0.2244021243564941	0.30366943165370097	8078	4204
leg2	adl_lead_no_mediator_cluster_ols	adl5_lead	core_disease_count_lag	0.07845905992048009	0.010659954497069588	1.8367840508529703e-13	0.057565933029387915	0.09935218681157226	8078	4204
leg2	adl_lead_no_mediator_cluster_ols	adl5_lead	baseline_age	0.013428623832146781	0.002088700379076084	1.2829691099036037e-10	0.009334846314662498	0.017522401349631064	8078	4204
leg2	adl_lead_no_mediator_cluster_ols	adl5_lead	sex	0.06140181878621377	0.022794326766465364	0.007065684702604373	0.01672575927210431	0.10607787830032323	8078	4204
leg2	adl_lead_no_mediator_cluster_ols	adl5_lead	education_c	-0.023068333647409796	0.005905433598581222	9.37241901502622e-05	-0.03464277081372176	-0.011493896481097835	8078	4204
leg2	adl_lead_no_mediator_cluster_ols	adl5_lead	residence_rural_w1	0.09937751981088166	0.02251385138232189	1.014492184269652e-05	0.055251181948243445	0.1435038576735199	8078	4204
leg2_burden	adl_lead_no_mediator_cluster_ols_burden	adl5_lead	Intercept	-0.7015986409811001	0.18001600730775572	9.722146602474101e-05	-1.0544235319450006	-0.34877375001719974	5665	2943
leg2_burden	adl_lead_no_mediator_cluster_ols_burden	adl5_lead	C(interval_lag)[T.2013-2015]	0.03845562393483661	0.013067295229482653	0.0032516301034621474	0.012844195909698552	0.06406705195997467	5665	2943
leg2_burden	adl_lead_no_mediator_cluster_ols_burden	adl5_lead	C(interval_lead)[T.2015-2018]	0.03845562393485023	0.01306729522948323	0.003251630103452562	0.012844195909711042	0.06406705195998942	5665	2943
leg2_burden	adl_lead_no_mediator_cluster_ols_burden	adl5_lead	log_burden_ratio_raw_lag	0.1228837778625675	0.0673170348214559	0.06793338140152204	-0.009055185933514773	0.25482274165864977	5665	2943
leg2_burden	adl_lead_no_mediator_cluster_ols_burden	adl5_lead	adl5	0.4569348579994542	0.022515093510927918	1.435125139945595e-91	0.412806085609484	0.5010636303894244	5665	2943
leg2_burden	adl_lead_no_mediator_cluster_ols_burden	adl5_lead	adl5_lag	0.25719858828362435	0.02370821156343795	2.027197349126166e-27	0.2107313474814299	0.3036658290858188	5665	2943
leg2_burden	adl_lead_no_mediator_cluster_ols_burden	adl5_lead	core_disease_count_lag	0.07944748823902319	0.012442361420679964	1.7112667301514244e-10	0.055060907971859835	0.10383406850618654	5665	2943
leg2_burden	adl_lead_no_mediator_cluster_ols_burden	adl5_lead	baseline_age	0.011497142680657609	0.0025401136967725998	6.004479687672583e-06	0.0065186113183464175	0.016475674042968798	5665	2943
leg2_burden	adl_lead_no_mediator_cluster_ols_burden	adl5_lead	sex	0.05581091375002125	0.02716174679051461	0.03990203879714626	0.002574868283416215	0.10904695921662629	5665	2943
leg2_burden	adl_lead_no_mediator_cluster_ols_burden	adl5_lead	education_c	-0.025511004304878272	0.007038627596522948	0.0002896008280148752	-0.03930646089465297	-0.011715547715103572	5665	2943
leg2_burden	adl_lead_no_mediator_cluster_ols_burden	adl5_lead	residence_rural_w1	0.1079402610057232	0.02654066255397643	4.7626966013805285e-05	0.055921518274098546	0.15995900373734784	5665	2943
leg2	adl_lead_no_mediator_gee_binomial	adl5_lead_prop	Intercept	-5.415223345739013	0.3254283494197294	3.5586776800020285e-62	-6.053051190149999	-4.7773955013280265	8078	4204
leg2	adl_lead_no_mediator_gee_binomial	adl5_lead_prop	C(interval_lag)[T.2013-2015]	0.0806269707262253	0.02571585255883717	0.0017167712203557141	0.030224825879162254	0.13102911557328834	8078	4204
leg2	adl_lead_no_mediator_gee_binomial	adl5_lead_prop	C(interval_lead)[T.2015-2018]	0.08062697072627364	0.0257158525588375	0.0017167712203449471	0.03022482587920995	0.13102911557333735	8078	4204
leg2	adl_lead_no_mediator_gee_binomial	adl5_lead_prop	oop_shock_p95_lag	0.011337750807792854	0.11984052590922714	0.9246270016915715	-0.22354536386263157	0.24622086547821725	8078	4204
leg2	adl_lead_no_mediator_gee_binomial	adl5_lead_prop	log_oop_raw_lag	0.01979593008935794	0.008095589790683578	0.014474238645997554	0.003928865666007975	0.03566299451270791	8078	4204
leg2	adl_lead_no_mediator_gee_binomial	adl5_lead_prop	adl5	0.5457599821335699	0.022413724917902816	5.887716657557863e-131	0.5018298885350924	0.5896900757320475	8078	4204
leg2	adl_lead_no_mediator_gee_binomial	adl5_lead_prop	adl5_lag	0.32985117992493324	0.023729990492117485	6.31807589168144e-44	0.28334125320690506	0.3763611066429614	8078	4204
leg2	adl_lead_no_mediator_gee_binomial	adl5_lead_prop	core_disease_count_lag	0.1851724786413927	0.020855844987142054	6.765538413124799e-19	0.14429577359944404	0.22604918368334134	8078	4204
leg2	adl_lead_no_mediator_gee_binomial	adl5_lead_prop	baseline_age	0.03175706172223723	0.004286759946027865	1.2805064678696321e-13	0.02335516661765375	0.04015895682682071	8078	4204
leg2	adl_lead_no_mediator_gee_binomial	adl5_lead_prop	sex	0.18014640313342287	0.054443017509888385	0.0009366388364331512	0.0734400496043581	0.28685275666248766	8078	4204
leg2	adl_lead_no_mediator_gee_binomial	adl5_lead_prop	education_c	-0.06596276083620549	0.015799695767226233	2.980663425432468e-05	-0.09692959550665885	-0.03499592616575213	8078	4204
leg2	adl_lead_no_mediator_gee_binomial	adl5_lead_prop	residence_rural_w1	0.28197437030122313	0.0577484939292022	1.0458971879554653e-06	0.16878940203855686	0.3951593385638894	8078	4204
leg2	adl_lead_with_doc_any_cluster_ols	adl5_lead	Intercept	-0.8426187002398562	0.14695876839648647	9.825830047275897e-09	-1.1306525935093328	-0.5545848069703796	8059	4190
leg2	adl_lead_with_doc_any_cluster_ols	adl5_lead	C(interval_lag)[T.2013-2015]	0.033843521323513065	0.011012354674234963	0.0021175375772333224	0.012259702777031218	0.055427339869994915	8059	4190
leg2	adl_lead_with_doc_any_cluster_ols	adl5_lead	C(interval_lead)[T.2015-2018]	0.033843521323504815	0.011012354674234793	0.0021175375772383032	0.0122597027770233	0.055427339869986325	8059	4190
leg2	adl_lead_with_doc_any_cluster_ols	adl5_lead	oop_shock_p95_lag	0.0005540107316703951	0.06816508673959551	0.9935152764563143	-0.13304710428098562	0.1341551257443264	8059	4190
leg2	adl_lead_with_doc_any_cluster_ols	adl5_lead	log_oop_raw_lag	0.011245224678002038	0.0058580227575471926	0.05490490104823692	-0.00023628894740647215	0.02272673830341055	8059	4190
leg2	adl_lead_with_doc_any_cluster_ols	adl5_lead	doctor_visit_any_wave	-0.008645365121539673	0.028958316248075038	0.7652871148842006	-0.0654026220206878	0.04811189177760847	8059	4190
leg2	adl_lead_with_doc_any_cluster_ols	adl5_lead	doctor_visit_any_lag	-0.036059114033131265	0.04589732796147757	0.43207411687690866	-0.12601622382425048	0.053897995757987954	8059	4190
leg2	adl_lead_with_doc_any_cluster_ols	adl5_lead	adl5	0.44487688356651334	0.019541470361592185	1.001281914099008e-114	0.40657630545283574	0.48317746168019093	8059	4190
leg2	adl_lead_with_doc_any_cluster_ols	adl5_lead	adl5_lag	0.2639386379905203	0.020305924558289407	1.2540454140287874e-38	0.22413975718348567	0.30373751879755495	8059	4190
leg2	adl_lead_with_doc_any_cluster_ols	adl5_lead	core_disease_count_lag	0.0788073599091244	0.010686252297425819	1.6477858778328636e-13	0.057862690276461376	0.09975202954178741	8059	4190
leg2	adl_lead_with_doc_any_cluster_ols	adl5_lead	baseline_age	0.013508902947049796	0.0020886719843075155	9.950606273765854e-11	0.009415181082289257	0.017602624811810335	8059	4190
leg2	adl_lead_with_doc_any_cluster_ols	adl5_lead	sex	0.06242399375553844	0.022759616254214625	0.006092659306433469	0.01781596559532537	0.10703202191575151	8059	4190
leg2	adl_lead_with_doc_any_cluster_ols	adl5_lead	education_c	-0.023232904365165827	0.005912488764722595	8.513586306685058e-05	-0.034821169403019825	-0.011644639327311829	8059	4190
leg2	adl_lead_with_doc_any_cluster_ols	adl5_lead	residence_rural_w1	0.10046866717789518	0.022575300200610875	8.571843291054188e-06	0.056221891844518014	0.14471544251127236	8059	4190
leg2	adl_lead_with_doc_any_gee_binomial	adl5_lead_prop	Intercept	-5.423977409855464	0.3256538826672258	2.753319398930751e-62	-6.062247291308859	-4.785707528402069	8059	4190
leg2	adl_lead_with_doc_any_gee_binomial	adl5_lead_prop	C(interval_lag)[T.2013-2015]	0.07901579662467775	0.025808675200123966	0.0022015867486465473	0.028431722743742706	0.1295998705056128	8059	4190
leg2	adl_lead_with_doc_any_gee_binomial	adl5_lead_prop	C(interval_lead)[T.2015-2018]	0.07901579662480092	0.02580867520012448	0.0022015867486118988	0.028431722743864865	0.12959987050573696	8059	4190
leg2	adl_lead_with_doc_any_gee_binomial	adl5_lead_prop	oop_shock_p95_lag	9.158887406152595e-06	0.12220525796547037	0.9999402011421576	-0.23950874544634232	0.23952706322115463	8059	4190
leg2	adl_lead_with_doc_any_gee_binomial	adl5_lead_prop	log_oop_raw_lag	0.024771167121882463	0.011615761564649867	0.03296183684904701	0.0020046928021640945	0.04753764144160083	8059	4190
leg2	adl_lead_with_doc_any_gee_binomial	adl5_lead_prop	doctor_visit_any_wave	0.014895371722966927	0.06148238619747933	0.8085705292487219	-0.10560789090767508	0.13539863435360894	8059	4190
leg2	adl_lead_with_doc_any_gee_binomial	adl5_lead_prop	doctor_visit_any_lag	-0.057901640590742605	0.08955704308302757	0.5179338217583682	-0.2334302195953786	0.1176269384138934	8059	4190
leg2	adl_lead_with_doc_any_gee_binomial	adl5_lead_prop	adl5	0.5453254952112981	0.022624105685731387	2.2840475076285207e-128	0.5009830628848367	0.5896679275377595	8059	4190
leg2	adl_lead_with_doc_any_gee_binomial	adl5_lead_prop	adl5_lag	0.3301086147566125	0.023822267313669643	1.1516432661088632e-43	0.28341782879173427	0.37679940072149076	8059	4190
leg2	adl_lead_with_doc_any_gee_binomial	adl5_lead_prop	core_disease_count_lag	0.18492764842386314	0.020873163191680654	8.030992043281661e-19	0.14401700032474193	0.22583829652298434	8059	4190
leg2	adl_lead_with_doc_any_gee_binomial	adl5_lead_prop	baseline_age	0.03189874744775369	0.004286882511392337	9.991629756191483e-14	0.023496612119470094	0.04030088277603729	8059	4190
leg2	adl_lead_with_doc_any_gee_binomial	adl5_lead_prop	sex	0.18075901398613783	0.05438328398681922	0.0008880070577778928	0.07416973601095832	0.28734829196131734	8059	4190
leg2	adl_lead_with_doc_any_gee_binomial	adl5_lead_prop	education_c	-0.06636190429988205	0.015827088602997887	2.753721585911743e-05	-0.09738242794188226	-0.03534138065788183	8059	4190
leg2	adl_lead_with_doc_any_gee_binomial	adl5_lead_prop	residence_rural_w1	0.2829968084605195	0.05794343637087144	1.0394537707867068e-06	0.1694297600331232	0.3965638568879158	8059	4190
leg2	adl_lead_with_doc_count_cluster_ols	adl5_lead	Intercept	-0.815513170097333	0.1467837313048322	2.7621257342830923e-08	-1.1032039969712086	-0.5278223432234574	7976	4159
leg2	adl_lead_with_doc_count_cluster_ols	adl5_lead	C(interval_lag)[T.2013-2015]	0.034624264230452825	0.011031696462425857	0.0016974746021136684	0.013002536475720226	0.05624599198518543	7976	4159
leg2	adl_lead_with_doc_count_cluster_ols	adl5_lead	C(interval_lead)[T.2015-2018]	0.03462426423043116	0.01103169646242538	0.001697474602124256	0.013002536475699496	0.05624599198516283	7976	4159
leg2	adl_lead_with_doc_count_cluster_ols	adl5_lead	oop_shock_p95_lag	-0.026385063296669606	0.06680691503051638	0.6928834097888646	-0.1573242106747093	0.10455408408137008	7976	4159
leg2	adl_lead_with_doc_count_cluster_ols	adl5_lead	log_oop_raw_lag	0.00743007779561396	0.004521108088328195	0.1002961407698017	-0.0014311312277220344	0.016291286818949955	7976	4159
leg2	adl_lead_with_doc_count_cluster_ols	adl5_lead	doctor_visit_count_wave	0.002921703044306121	0.010211248214379113	0.7747816606852851	-0.017091975693075877	0.02293538178168812	7976	4159
leg2	adl_lead_with_doc_count_cluster_ols	adl5_lead	doctor_visit_count_lag	0.000508377194084204	0.010122788141337899	0.9599462258528585	-0.019331922986067233	0.02034867737423564	7976	4159
leg2	adl_lead_with_doc_count_cluster_ols	adl5_lead	adl5	0.446550394518554	0.019688249812240276	6.890756898304449e-114	0.40796213396793557	0.4851386550691724	7976	4159
leg2	adl_lead_with_doc_count_cluster_ols	adl5_lead	adl5_lag	0.26493909748264705	0.020402528055914047	1.4767355521501665e-38	0.2249508772994875	0.3049273176658066	7976	4159
leg2	adl_lead_with_doc_count_cluster_ols	adl5_lead	core_disease_count_lag	0.07900107275657005	0.010751152164261629	2.009697413965743e-13	0.0579292017223074	0.1000729437908327	7976	4159
leg2	adl_lead_with_doc_count_cluster_ols	adl5_lead	baseline_age	0.0129939698843105	0.002084491210083258	4.5571677281502083e-10	0.008908442186456998	0.017079497582164	7976	4159
leg2	adl_lead_with_doc_count_cluster_ols	adl5_lead	sex	0.06309366068974792	0.022919831731948923	0.005908839167512701	0.018171615963409743	0.1080157054160861	7976	4159
leg2	adl_lead_with_doc_count_cluster_ols	adl5_lead	education_c	-0.022437916869779046	0.005891495271716679	0.00013979727009984607	-0.03398503541743175	-0.010890798322126336	7976	4159
leg2	adl_lead_with_doc_count_cluster_ols	adl5_lead	residence_rural_w1	0.09950239094327228	0.02244079407992069	9.250234756495857e-06	0.05551924276214806	0.1434855391243965	7976	4159
leg2	adl_lead_with_doc_count_gee_binomial	adl5_lead_prop	Intercept	-5.38795418846747	0.3285203020349849	1.8912984138477456e-60	-6.031842148646261	-4.744066228288679	7976	4159
leg2	adl_lead_with_doc_count_gee_binomial	adl5_lead_prop	C(interval_lag)[T.2013-2015]	0.08146608153153315	0.04735153851594189	0.08535018744845212	-0.011341228572274167	0.17427339163534045	7976	4159
leg2	adl_lead_with_doc_count_gee_binomial	adl5_lead_prop	C(interval_lead)[T.2015-2018]	0.08146608153146084	0.0	0.0	0.08146608153146084	0.08146608153146084	7976	4159
leg2	adl_lead_with_doc_count_gee_binomial	adl5_lead_prop	oop_shock_p95_lag	-0.046229927431594396	0.12404130169386458	0.7093733309346012	-0.28934641134703615	0.19688655648384737	7976	4159
leg2	adl_lead_with_doc_count_gee_binomial	adl5_lead_prop	log_oop_raw_lag	0.01894389382914669	0.009334157978981999	0.04240498854120604	0.0006492803643347936	0.037238507293958584	7976	4159
leg2	adl_lead_with_doc_count_gee_binomial	adl5_lead_prop	doctor_visit_count_wave	0.01348042613403015	0.019326596904905013	0.48548589987108715	-0.02439900774330695	0.051359860011367255	7976	4159
leg2	adl_lead_with_doc_count_gee_binomial	adl5_lead_prop	doctor_visit_count_lag	-0.002004093871757425	0.019442204760245118	0.9178998290015701	-0.04011011498189106	0.0361019272383762	7976	4159
leg2	adl_lead_with_doc_count_gee_binomial	adl5_lead_prop	adl5	0.5479109962500969	0.022725203334667137	1.9502720734644406e-128	0.5033704161727998	0.592451576327394	7976	4159
leg2	adl_lead_with_doc_count_gee_binomial	adl5_lead_prop	adl5_lag	0.33208724516149235	0.023991753832280024	1.427407012919946e-43	0.2850642717242727	0.379110218598712	7976	4159
leg2	adl_lead_with_doc_count_gee_binomial	adl5_lead_prop	core_disease_count_lag	0.1864727287937518	0.02106807648710782	8.67686766598367e-19	0.1451800576554853	0.22776539993201828	7976	4159
leg2	adl_lead_with_doc_count_gee_binomial	adl5_lead_prop	baseline_age	0.0310871873285146	0.004326059092277422	6.670274279398662e-13	0.022608267312658817	0.03956610734437038	7976	4159
leg2	adl_lead_with_doc_count_gee_binomial	adl5_lead_prop	sex	0.18376882839690017	0.05521790933470162	0.0008745124955075706	0.07554371479928694	0.2919939419945134	7976	4159
leg2	adl_lead_with_doc_count_gee_binomial	adl5_lead_prop	education_c	-0.06469028654212162	0.015874374146190664	4.598680354693297e-05	-0.0958034881457691	-0.03357708493847415	7976	4159
leg2	adl_lead_with_doc_count_gee_binomial	adl5_lead_prop	residence_rural_w1	0.2818547873830029	0.05798031447038411	1.1666732463859185e-06	0.1682154592087435	0.3954941155572623	7976	4159
leg2	adl_lead_with_hosp_any_cluster_ols	adl5_lead	Intercept	-0.8451266884992326	0.1470090082690597	8.987435129274659e-09	-1.1332590501095405	-0.5569943268889246	8061	4194
leg2	adl_lead_with_hosp_any_cluster_ols	adl5_lead	C(interval_lag)[T.2013-2015]	0.034390660083029996	0.01100234861870438	0.0017734847629419731	0.0128264530450154	0.055954867121044596	8061	4194
leg2	adl_lead_with_hosp_any_cluster_ols	adl5_lead	C(interval_lead)[T.2015-2018]	0.034390660083060874	0.011002348618705146	0.0017734847629263632	0.012826453045044775	0.05595486712107697	8061	4194
leg2	adl_lead_with_hosp_any_cluster_ols	adl5_lead	oop_shock_p95_lag	0.0014475324701360356	0.06694508056496754	0.9827489367850484	-0.12976241437933267	0.13265747931960475	8061	4194
leg2	adl_lead_with_hosp_any_cluster_ols	adl5_lead	log_oop_raw_lag	0.005610872320262776	0.00467890414626711	0.23045596436762839	-0.003559611293535889	0.01478135593406144	8061	4194
leg2	adl_lead_with_hosp_any_cluster_ols	adl5_lead	hospital_stay_any_wave	0.06224003390952493	0.03458606454729682	0.07192860855636073	-0.005547406970154448	0.1300274747892043	8061	4194
leg2	adl_lead_with_hosp_any_cluster_ols	adl5_lead	hospital_stay_any_lag	0.026248716975298802	0.048280518825634576	0.586667905885901	-0.06837936107785303	0.12087679502845064	8061	4194
leg2	adl_lead_with_hosp_any_cluster_ols	adl5_lead	adl5	0.4431970250333353	0.019529974801700004	5.232796567417754e-114	0.4049189778030285	0.4814750722636421	8061	4194
leg2	adl_lead_with_hosp_any_cluster_ols	adl5_lead	adl5_lag	0.265016733118093	0.020273853530554276	4.769260924792991e-39	0.2252807103703664	0.30475275586581957	8061	4194
leg2	adl_lead_with_hosp_any_cluster_ols	adl5_lead	core_disease_count_lag	0.07557578653582571	0.010680827973431154	1.4855051518428423e-12	0.054641748382832714	0.0965098246888187	8061	4194
leg2	adl_lead_with_hosp_any_cluster_ols	adl5_lead	baseline_age	0.013448724287020168	0.0020904596182722153	1.2479587513218308e-10	0.009351498724071277	0.01754594984996906	8061	4194
leg2	adl_lead_with_hosp_any_cluster_ols	adl5_lead	sex	0.06256707926471995	0.022857909533269397	0.006196123551343921	0.017766399817637175	0.10736775871180274	8061	4194
leg2	adl_lead_with_hosp_any_cluster_ols	adl5_lead	education_c	-0.023495747706810195	0.005893840469815618	6.705739611397389e-05	-0.03504746275827344	-0.011944032655346952	8061	4194
leg2	adl_lead_with_hosp_any_cluster_ols	adl5_lead	residence_rural_w1	0.09947418861391197	0.022538410627483473	1.0169367274714275e-05	0.05529971551526956	0.14364866171255436	8061	4194
leg2	adl_lead_with_hosp_any_gee_binomial	adl5_lead_prop	Intercept	-5.435161131869526	0.32585730679175934	1.8452944729185768e-62	-6.073829717280593	-4.796492546458459	8061	4194
leg2	adl_lead_with_hosp_any_gee_binomial	adl5_lead_prop	C(interval_lag)[T.2013-2015]	0.07979190919109758	0.02578944019061621	0.001974934570310877	0.029245535236040017	0.13033828314615514	8061	4194
leg2	adl_lead_with_hosp_any_gee_binomial	adl5_lead_prop	C(interval_lead)[T.2015-2018]	0.07979190919112454	0.025789440190616294	0.0019749345703039844	0.029245535236066822	0.13033828314618226	8061	4194
leg2	adl_lead_with_hosp_any_gee_binomial	adl5_lead_prop	oop_shock_p95_lag	0.0024085666444903283	0.1205648640093803	0.9840614399929896	-0.23389422461486445	0.2387113579038451	8061	4194
leg2	adl_lead_with_hosp_any_gee_binomial	adl5_lead_prop	log_oop_raw_lag	0.01602880723305339	0.009610386511358687	0.09534294355608555	-0.00280720420671917	0.034864818672825953	8061	4194
leg2	adl_lead_with_hosp_any_gee_binomial	adl5_lead_prop	hospital_stay_any_wave	0.14948795660467815	0.0678497761860303	0.027579274655580542	0.016504838920955334	0.28247107428840096	8061	4194
leg2	adl_lead_with_hosp_any_gee_binomial	adl5_lead_prop	hospital_stay_any_lag	0.02677911175731531	0.09268599035728164	0.7726403242649671	-0.15488209121438345	0.2084403147290141	8061	4194
leg2	adl_lead_with_hosp_any_gee_binomial	adl5_lead_prop	adl5	0.541828342039986	0.022653677726394914	1.9950163729364002e-126	0.4974279495788747	0.5862287345010972	8061	4194
leg2	adl_lead_with_hosp_any_gee_binomial	adl5_lead_prop	adl5_lag	0.332725287369583	0.023830004331938683	2.6418654006592813e-44	0.28601933712754973	0.3794312376116163	8061	4194
leg2	adl_lead_with_hosp_any_gee_binomial	adl5_lead_prop	core_disease_count_lag	0.179169997434771	0.020978809065153425	1.3361590583371633e-17	0.1380522872285279	0.2202877076410141	8061	4194
leg2	adl_lead_with_hosp_any_gee_binomial	adl5_lead_prop	baseline_age	0.03186164142132252	0.00429098514939695	1.1256631327754399e-13	0.023451465070308278	0.040271817772336765	8061	4194
leg2	adl_lead_with_hosp_any_gee_binomial	adl5_lead_prop	sex	0.18186112577952354	0.05467076984463172	0.0008795088929378235	0.07470838587696692	0.28901386568208015	8061	4194
leg2	adl_lead_with_hosp_any_gee_binomial	adl5_lead_prop	education_c	-0.0677590788278834	0.015852634526322417	1.9172987540757802e-05	-0.09882967155955152	-0.036688486096215285	8061	4194
leg2	adl_lead_with_hosp_any_gee_binomial	adl5_lead_prop	residence_rural_w1	0.2833768430352874	0.05780389611557336	9.468096301695211e-07	0.17008328848266885	0.3966703975879059	8061	4194
leg2	adl_lead_with_any_contact_cluster_ols	adl5_lead	Intercept	-0.8419803706400013	0.1469546829185945	1.0071288887644351e-08	-1.13000625651995	-0.5539544847600526	8071	4199
leg2	adl_lead_with_any_contact_cluster_ols	adl5_lead	C(interval_lag)[T.2013-2015]	0.034716175601134824	0.01098573211545154	0.0015770693948680696	0.013184536311044787	0.056247814891224865	8071	4199
leg2	adl_lead_with_any_contact_cluster_ols	adl5_lead	C(interval_lead)[T.2015-2018]	0.03471617560113185	0.010985732115451475	0.0015770693948694355	0.013184536311041939	0.056247814891221756	8071	4199
leg2	adl_lead_with_any_contact_cluster_ols	adl5_lead	oop_shock_p95_lag	-0.016867528799620328	0.07284007662518269	0.8168725198530438	-0.15963145561611625	0.12589639801687558	8071	4199
leg2	adl_lead_with_any_contact_cluster_ols	adl5_lead	log_oop_raw_lag	0.017768609598769716	0.011010026841673737	0.10655843348811092	-0.00381064647973009	0.03934786567726952	8071	4199
leg2	adl_lead_with_any_contact_cluster_ols	adl5_lead	any_contact_wave	0.02548052897902522	0.025972797132301995	0.32656967350310306	-0.025425217978051886	0.07638627593610232	8071	4199
leg2	adl_lead_with_any_contact_cluster_ols	adl5_lead	any_contact_lag	-0.08118648388941539	0.07780504679749396	0.29673512027343085	-0.23368157342795703	0.07130860564912624	8071	4199
leg2	adl_lead_with_any_contact_cluster_ols	adl5_lead	adl5	0.4428774406371942	0.019555506178286195	1.4866653956049537e-113	0.40454935282830273	0.48120552844608566	8071	4199
leg2	adl_lead_with_any_contact_cluster_ols	adl5_lead	adl5_lag	0.2645094975957662	0.020241023416506392	5.017360146079676e-39	0.2248378206891818	0.3041811745023506	8071	4199
leg2	adl_lead_with_any_contact_cluster_ols	adl5_lead	core_disease_count_lag	0.07697904565081318	0.010761135686366854	8.463510409926901e-13	0.055887607272785425	0.09807048402884093	8071	4199
leg2	adl_lead_with_any_contact_cluster_ols	adl5_lead	baseline_age	0.013458432771510256	0.002092215674974061	1.254212128282198e-10	0.009357765400670936	0.017559100142349578	8071	4199
leg2	adl_lead_with_any_contact_cluster_ols	adl5_lead	sex	0.06123853443301965	0.02280097614124399	0.007235949407703308	0.01654944238382438	0.10592762648221493	8071	4199
leg2	adl_lead_with_any_contact_cluster_ols	adl5_lead	education_c	-0.023336230686348446	0.005899497500044006	7.63331498037888e-05	-0.034899033313318784	-0.011773428059378107	8071	4199
leg2	adl_lead_with_any_contact_cluster_ols	adl5_lead	residence_rural_w1	0.0987884976661939	0.02253650882720298	1.1679452165555289e-05	0.05461775202760704	0.14295924330478074	8071	4199
leg2	adl_lead_with_any_contact_gee_binomial	adl5_lead_prop	Intercept	-5.432098947611427	0.3254719261879896	1.5519025459242191e-62	-6.070012200918766	-4.794185694304089	8071	4199
leg2	adl_lead_with_any_contact_gee_binomial	adl5_lead_prop	C(interval_lag)[T.2013-2015]	0.0807351114339615	0.02571862440300041	0.0016942763672468497	0.03032753387216775	0.13114268899575526	8071	4199
leg2	adl_lead_with_any_contact_gee_binomial	adl5_lead_prop	C(interval_lead)[T.2015-2018]	0.08073511143407767	0.025718624403000327	0.0016942763672206744	0.03032753387228409	0.13114268899587125	8071	4199
leg2	adl_lead_with_any_contact_gee_binomial	adl5_lead_prop	oop_shock_p95_lag	-0.03743991380867275	0.13443938719263293	0.7806368748524621	-0.3009362708098687	0.2260564431925232	8071	4199
leg2	adl_lead_with_any_contact_gee_binomial	adl5_lead_prop	log_oop_raw_lag	0.03871423662507773	0.022457213772388112	0.08472392108833553	-0.005301093561919851	0.08272956681207531	8071	4199
leg2	adl_lead_with_any_contact_gee_binomial	adl5_lead_prop	any_contact_wave	0.1002211589504407	0.056577359205267075	0.07649413560344007	-0.010668427432268465	0.21111074533314989	8071	4199
leg2	adl_lead_with_any_contact_gee_binomial	adl5_lead_prop	any_contact_lag	-0.16683342833209747	0.16320119633450939	0.3066596764887862	-0.48670189538158615	0.15303503871739121	8071	4199
leg2	adl_lead_with_any_contact_gee_binomial	adl5_lead_prop	adl5	0.5411067549600598	0.02262476307777944	2.0594343016150996e-126	0.4967630341688605	0.5854504757512591	8071	4199
leg2	adl_lead_with_any_contact_gee_binomial	adl5_lead_prop	adl5_lag	0.33134467369994847	0.023690586868026782	1.888773968511412e-44	0.28491197666599843	0.3777773707338985	8071	4199
leg2	adl_lead_with_any_contact_gee_binomial	adl5_lead_prop	core_disease_count_lag	0.1800314871404611	0.021060896008097525	1.2508795748188741e-17	0.13875288948244657	0.22131008479847564	8071	4199
leg2	adl_lead_with_any_contact_gee_binomial	adl5_lead_prop	baseline_age	0.03187266233238904	0.0042869239901506375	1.0468197636158958e-13	0.023470445707233053	0.04027487895754503	8071	4199
leg2	adl_lead_with_any_contact_gee_binomial	adl5_lead_prop	sex	0.1776694205659434	0.054418201782589964	0.00109506752571146	0.0710117049686337	0.2843271361632531	8071	4199
leg2	adl_lead_with_any_contact_gee_binomial	adl5_lead_prop	education_c	-0.06726607965239843	0.015803143209268823	2.076520025193722e-05	-0.09823967118509405	-0.036292488119702815	8071	4199
leg2	adl_lead_with_any_contact_gee_binomial	adl5_lead_prop	residence_rural_w1	0.2811340598346148	0.05774511375736357	1.1242908085253905e-06	0.1679557165870138	0.3943124030822158	8071	4199
leg2	adl_lead_with_out_forg_cost_cluster_ols	adl5_lead	Intercept	-0.7280512901266251	0.6643174702951953	0.27310555856614827	-2.030089606205965	0.5739870259527148	462	431
leg2	adl_lead_with_out_forg_cost_cluster_ols	adl5_lead	C(interval_lag)[T.2013-2015]	0.027824541640031144	0.05076062149524797	0.5835874640506271	-0.07166444832352459	0.12731353160358688	462	431
leg2	adl_lead_with_out_forg_cost_cluster_ols	adl5_lead	C(interval_lead)[T.2015-2018]	0.027824541640044304	0.05076062149524958	0.583587464050461	-0.07166444832351458	0.1273135316036032	462	431
leg2	adl_lead_with_out_forg_cost_cluster_ols	adl5_lead	oop_shock_p95_lag	-0.09062596565256809	0.33442712001545233	0.7863997344402687	-0.7460910763363089	0.5648391450311727	462	431
leg2	adl_lead_with_out_forg_cost_cluster_ols	adl5_lead	log_oop_raw_lag	-0.010021281683260825	0.017117181176593676	0.5582440790233445	-0.04357034030623137	0.023527776939709727	462	431
leg2	adl_lead_with_out_forg_cost_cluster_ols	adl5_lead	outpatient_forgone_cost_raw	0.5007014578383822	0.17936831981472146	0.005246906393353944	0.14914601103406594	0.8522569046426984	462	431
leg2	adl_lead_with_out_forg_cost_cluster_ols	adl5_lead	adl5	0.40012006036706743	0.06509424478051343	7.907123263256035e-10	0.2725376849964267	0.5277024357377081	462	431
leg2	adl_lead_with_out_forg_cost_cluster_ols	adl5_lead	adl5_lag	0.2934485351296005	0.07485664406238944	8.849749185087016e-05	0.14673220876378312	0.4401648614954179	462	431
leg2	adl_lead_with_out_forg_cost_cluster_ols	adl5_lead	core_disease_count_lag	0.045603915868093835	0.04253954547006983	0.2837039504358967	-0.03777206117194703	0.1289798929081347	462	431
leg2	adl_lead_with_out_forg_cost_cluster_ols	adl5_lead	baseline_age	0.011441878552051182	0.00960156085937181	0.23339121625991666	-0.007376834927687016	0.03026059203178938	462	431
leg2	adl_lead_with_out_forg_cost_cluster_ols	adl5_lead	sex	0.17298625505640836	0.10204256230916238	0.09003060463886572	-0.027013491959734293	0.372986002072551	462	431
leg2	adl_lead_with_out_forg_cost_cluster_ols	adl5_lead	education_c	-0.007544228284994974	0.02861828449807639	0.792076081468272	-0.06363503520054564	0.04854657863055569	462	431
leg2	adl_lead_with_out_forg_cost_cluster_ols	adl5_lead	residence_rural_w1	-0.06580310527066087	0.10614590616854246	0.5353034168005666	-0.27384525846737207	0.1422390479260503	462	431
leg2	adl_lead_with_in_need_no_cluster_ols	adl5_lead	Intercept	-0.5746571221567484	0.2137610563603864	0.007181354804680225	-0.9936210939203423	-0.1556931503931544	4104	2208
leg2	adl_lead_with_in_need_no_cluster_ols	adl5_lead	C(interval_lag)[T.2013-2015]	0.03966304782507158	0.015400450054685825	0.010011052194741354	0.009478720372179457	0.0698473752779637	4104	2208
leg2	adl_lead_with_in_need_no_cluster_ols	adl5_lead	C(interval_lead)[T.2015-2018]	0.039663047825072656	0.015400450054685736	0.01001105219473892	0.009478720372180706	0.06984737527796461	4104	2208
leg2	adl_lead_with_in_need_no_cluster_ols	adl5_lead	oop_shock_p95_lag	-0.018253978880550317	0.0893192627239851	0.8380661114924226	-0.1933165169452321	0.15680855918413145	4104	2208
leg2	adl_lead_with_in_need_no_cluster_ols	adl5_lead	log_oop_raw_lag	0.007361318727457656	0.005467247763624012	0.17816079682365282	-0.003354289983802561	0.018076927438717874	4104	2208
leg2	adl_lead_with_in_need_no_cluster_ols	adl5_lead	inpatient_need_but_no_raw	0.09690613805448549	0.07814713638476864	0.2149579347229602	-0.0562594347546007	0.25007171086357166	4104	2208
leg2	adl_lead_with_in_need_no_cluster_ols	adl5_lead	inpatient_need_but_no_lag	0.2288562951564009	0.08710572117458702	0.008605544736306172	0.05813221880682237	0.39958037150597947	4104	2208
leg2	adl_lead_with_in_need_no_cluster_ols	adl5_lead	adl5	0.4426806284174855	0.026173891002036802	3.6048414436210184e-64	0.3913807447182164	0.49398051211675464	4104	2208
leg2	adl_lead_with_in_need_no_cluster_ols	adl5_lead	adl5_lag	0.2939135414896452	0.02949088431854504	2.1416152503287165e-23	0.23611247035305988	0.35171461262623055	4104	2208
leg2	adl_lead_with_in_need_no_cluster_ols	adl5_lead	core_disease_count_lag	0.05885014158818263	0.015012959090401923	8.856507493543668e-05	0.02942528246962165	0.0882750007067436	4104	2208
leg2	adl_lead_with_in_need_no_cluster_ols	adl5_lead	baseline_age	0.0112649956635833	0.003027364206235515	0.00019839041660992915	0.0053314708512760016	0.017198520475890596	4104	2208
leg2	adl_lead_with_in_need_no_cluster_ols	adl5_lead	sex	0.02479056114843605	0.032904831863752634	0.4512084723759098	-0.039701724221865096	0.08928284651873719	4104	2208
leg2	adl_lead_with_in_need_no_cluster_ols	adl5_lead	education_c	-0.03397278605586025	0.008646106967890425	8.520833565469546e-05	-0.0509188443194063	-0.01702672779231421	4104	2208
leg2	adl_lead_with_in_need_no_cluster_ols	adl5_lead	residence_rural_w1	0.0700742308363164	0.034276095670152995	0.04091352650887375	0.002894317792167242	0.13725414388046558	4104	2208
leg2	adl_lead_with_in_forg_cost_cluster_ols	adl5_lead	Intercept	-0.5798292385922517	0.21386249970152327	0.006703523172136234	-0.9989920356509453	-0.16066644153355802	4103	2207
leg2	adl_lead_with_in_forg_cost_cluster_ols	adl5_lead	C(interval_lag)[T.2013-2015]	0.03974465073908755	0.01541493892990364	0.009928190915582485	0.009531925612592012	0.06995737586558308	4103	2207
leg2	adl_lead_with_in_forg_cost_cluster_ols	adl5_lead	C(interval_lead)[T.2015-2018]	0.03974465073908066	0.01541493892990322	0.009928190915593325	0.009531925612585944	0.06995737586557538	4103	2207
leg2	adl_lead_with_in_forg_cost_cluster_ols	adl5_lead	oop_shock_p95_lag	-0.010991651776772944	0.08912716410223712	0.9018493515448744	-0.18567768346134886	0.16369437990780297	4103	2207
leg2	adl_lead_with_in_forg_cost_cluster_ols	adl5_lead	log_oop_raw_lag	0.008651550422984678	0.005529099014613686	0.11764609016118904	-0.0021852845126140493	0.019488385358583403	4103	2207
leg2	adl_lead_with_in_forg_cost_cluster_ols	adl5_lead	inpatient_forgone_cost_raw	0.06341714656074889	0.11288498194611175	0.5742621692613532	-0.15783335244908436	0.28466764557058216	4103	2207
leg2	adl_lead_with_in_forg_cost_cluster_ols	adl5_lead	inpatient_forgone_cost_lag	0.17036374045586794	0.11339044665510169	0.132980331064016	-0.051877451179041606	0.3926049320907775	4103	2207
leg2	adl_lead_with_in_forg_cost_cluster_ols	adl5_lead	adl5	0.44349247526827246	0.026212850981700852	3.264984044567202e-64	0.3921162314120234	0.4948687191245215	4103	2207
leg2	adl_lead_with_in_forg_cost_cluster_ols	adl5_lead	adl5_lag	0.29541740176285625	0.02953408293793148	1.484584195272893e-23	0.23753166288809163	0.35330314063762086	4103	2207
leg2	adl_lead_with_in_forg_cost_cluster_ols	adl5_lead	core_disease_count_lag	0.0632557166329809	0.01505044957334625	2.6350293078487193e-05	0.033757377518086024	0.09275405574787576	4103	2207
leg2	adl_lead_with_in_forg_cost_cluster_ols	adl5_lead	baseline_age	0.011303717005764252	0.0030232497512507777	0.00018480570457346426	0.00537825637704305	0.017229177634485452	4103	2207
leg2	adl_lead_with_in_forg_cost_cluster_ols	adl5_lead	sex	0.02710691389640269	0.03287542835668849	0.40963611099142017	-0.03732774165903357	0.09154156945183894	4103	2207
leg2	adl_lead_with_in_forg_cost_cluster_ols	adl5_lead	education_c	-0.033054434363719916	0.008651399181861991	0.00013307135210804583	-0.050010865176048705	-0.016098003551391123	4103	2207
leg2	adl_lead_with_in_forg_cost_cluster_ols	adl5_lead	residence_rural_w1	0.06819322123825247	0.034276050143223186	0.046642762205038615	0.0010133974252460598	0.13537304505125888	4103	2207
leg2_burden	adl_lead_with_out_forg_cost_cluster_ols_burden	adl5_lead	Intercept	-0.3427678269705739	0.7197990070988731	0.6339323549558507	-1.7535479569920558	1.068012303050908	340	315
leg2_burden	adl_lead_with_out_forg_cost_cluster_ols_burden	adl5_lead	C(interval_lag)[T.2013-2015]	0.035669787204502215	0.05696345073618938	0.5311921217515083	-0.0759765246735506	0.14731609908255502	340	315
leg2_burden	adl_lead_with_out_forg_cost_cluster_ols_burden	adl5_lead	C(interval_lead)[T.2015-2018]	0.03566978720450119	0.05696345073618917	0.5311921217515184	-0.07597652467355122	0.1473160990825536	340	315
leg2_burden	adl_lead_with_out_forg_cost_cluster_ols_burden	adl5_lead	log_burden_ratio_raw_lag	-0.7027461411085532	0.3155514163040196	0.025944491529417996	-1.3212155523350368	-0.08427672988206947	340	315
leg2_burden	adl_lead_with_out_forg_cost_cluster_ols_burden	adl5_lead	outpatient_forgone_cost_raw	0.602076864968969	0.19388900712396573	0.0019010822968093682	0.22206139400776614	0.9820923359301718	340	315
leg2_burden	adl_lead_with_out_forg_cost_cluster_ols_burden	adl5_lead	adl5	0.4521450962767426	0.08144854440654649	2.8355714249805168e-08	0.2925088826467002	0.611781309906785	340	315
leg2_burden	adl_lead_with_out_forg_cost_cluster_ols_burden	adl5_lead	adl5_lag	0.3316305085119406	0.08350718213700503	7.148711678827042e-05	0.1679594390729842	0.495301577950897	340	315
leg2_burden	adl_lead_with_out_forg_cost_cluster_ols_burden	adl5_lead	core_disease_count_lag	0.056499214852474576	0.04714370868277223	0.23074322096211808	-0.035900756263407226	0.14889918596835638	340	315
leg2_burden	adl_lead_with_out_forg_cost_cluster_ols_burden	adl5_lead	baseline_age	0.004632044930760521	0.01007343856984783	0.645639981508284	-0.015111531866617895	0.024375621728138938	340	315
leg2_burden	adl_lead_with_out_forg_cost_cluster_ols_burden	adl5_lead	sex	0.16155277701684323	0.11513338720210013	0.16056340105810996	-0.06410451531737782	0.3872100693510643	340	315
leg2_burden	adl_lead_with_out_forg_cost_cluster_ols_burden	adl5_lead	education_c	0.018944344971323364	0.03443858092054269	0.582257127558204	-0.04855403331160856	0.08644272325425528	340	315
leg2_burden	adl_lead_with_out_forg_cost_cluster_ols_burden	adl5_lead	residence_rural_w1	-0.13364795620577374	0.12171254129908217	0.2721772747269875	-0.37220015361881875	0.10490424120727124	340	315
leg2_burden	adl_lead_with_in_need_no_cluster_ols_burden	adl5_lead	Intercept	-0.468908721474269	0.25161940707258834	0.06238303936452574	-0.9620736971478652	0.024256254199327143	2892	1550
leg2_burden	adl_lead_with_in_need_no_cluster_ols_burden	adl5_lead	C(interval_lag)[T.2013-2015]	0.041575859139008256	0.01811391332735942	0.021719118791173504	0.006073241398303703	0.07707847687971281	2892	1550
leg2_burden	adl_lead_with_in_need_no_cluster_ols_burden	adl5_lead	C(interval_lead)[T.2015-2018]	0.041575859139008464	0.018113913327359434	0.021719118791172953	0.006073241398303883	0.07707847687971305	2892	1550
leg2_burden	adl_lead_with_in_need_no_cluster_ols_burden	adl5_lead	log_burden_ratio_raw_lag	0.09070810318145499	0.0920869374895046	0.32461089724581305	-0.08977897774456532	0.2711951841074753	2892	1550
leg2_burden	adl_lead_with_in_need_no_cluster_ols_burden	adl5_lead	inpatient_need_but_no_raw	0.12192841082574574	0.09762639972396674	0.2116911595819927	-0.06941581657354015	0.3132726382250316	2892	1550
leg2_burden	adl_lead_with_in_need_no_cluster_ols_burden	adl5_lead	inpatient_need_but_no_lag	0.26291638240931503	0.10971664202349542	0.016560543354402702	0.04787571553859021	0.47795704928003985	2892	1550
leg2_burden	adl_lead_with_in_need_no_cluster_ols_burden	adl5_lead	adl5	0.4582333258164334	0.031171983136919962	6.430191762706868e-49	0.39713736154138035	0.5193292900914864	2892	1550
leg2_burden	adl_lead_with_in_need_no_cluster_ols_burden	adl5_lead	adl5_lag	0.26039172760403473	0.03399520939379876	1.8642672995494814e-14	0.19376234154529143	0.32702111366277803	2892	1550
leg2_burden	adl_lead_with_in_need_no_cluster_ols_burden	adl5_lead	core_disease_count_lag	0.0650457955982931	0.01675229565130565	0.00010326095328343826	0.03221189946336706	0.09787969173321914	2892	1550
leg2_burden	adl_lead_with_in_need_no_cluster_ols_burden	adl5_lead	baseline_age	0.00963243997624752	0.0035553758897109724	0.006743334146844691	0.002664031280911963	0.016600848671583075	2892	1550
leg2_burden	adl_lead_with_in_need_no_cluster_ols_burden	adl5_lead	sex	0.016527097192462845	0.03888540848617886	0.670821703737807	-0.059686902964575905	0.09274109734950159	2892	1550
leg2_burden	adl_lead_with_in_need_no_cluster_ols_burden	adl5_lead	education_c	-0.03213944803749164	0.01006445081851894	0.001406258939609626	-0.05186540916596343	-0.012413486909019854	2892	1550
leg2_burden	adl_lead_with_in_need_no_cluster_ols_burden	adl5_lead	residence_rural_w1	0.07875472802133758	0.0389733114230544	0.043307221759734386	0.002368441273887467	0.1551410147687877	2892	1550
leg2_burden	adl_lead_with_in_forg_cost_cluster_ols_burden	adl5_lead	Intercept	-0.48712271141919955	0.2521029293528491	0.053330209659085075	-0.9812353733478294	0.006989950509430354	2892	1550
leg2_burden	adl_lead_with_in_forg_cost_cluster_ols_burden	adl5_lead	C(interval_lag)[T.2013-2015]	0.04286735100542247	0.018143480001240747	0.018143021547597595	0.00730678364876787	0.07842791836207708	2892	1550
leg2_burden	adl_lead_with_in_forg_cost_cluster_ols_burden	adl5_lead	C(interval_lead)[T.2015-2018]	0.04286735100542457	0.018143480001240865	0.01814302154759271	0.007306783648769737	0.07842791836207941	2892	1550
leg2_burden	adl_lead_with_in_forg_cost_cluster_ols_burden	adl5_lead	log_burden_ratio_raw_lag	0.09750053585137408	0.09118787149911053	0.28496738750419504	-0.08122440811374904	0.2762254798164972	2892	1550
leg2_burden	adl_lead_with_in_forg_cost_cluster_ols_burden	adl5_lead	inpatient_forgone_cost_raw	0.17690120968544104	0.1458394779085384	0.22513526560435992	-0.10893891453941906	0.46274133391030114	2892	1550
leg2_burden	adl_lead_with_in_forg_cost_cluster_ols_burden	adl5_lead	inpatient_forgone_cost_lag	0.2273416225265587	0.14254592589464216	0.11074224828973579	-0.052043258369855405	0.5067265034229729	2892	1550
leg2_burden	adl_lead_with_in_forg_cost_cluster_ols_burden	adl5_lead	adl5	0.4575959660911164	0.031162762337796593	8.155372122002744e-49	0.39651807425025387	0.518673857931979	2892	1550
leg2_burden	adl_lead_with_in_forg_cost_cluster_ols_burden	adl5_lead	adl5_lag	0.2601820270140601	0.034103510078332455	2.3624029873122242e-14	0.19334037551412975	0.3270236785139905	2892	1550
leg2_burden	adl_lead_with_in_forg_cost_cluster_ols_burden	adl5_lead	core_disease_count_lag	0.07010897707526262	0.016704889546632233	2.7057717174523055e-05	0.03736799519814381	0.10284995895238143	2892	1550
leg2_burden	adl_lead_with_in_forg_cost_cluster_ols_burden	adl5_lead	baseline_age	0.009893413709322821	0.0035572895460397047	0.0054163987765584115	0.0029212543165041613	0.01686557310214148	2892	1550
leg2_burden	adl_lead_with_in_forg_cost_cluster_ols_burden	adl5_lead	sex	0.017634413902110773	0.03881614051818227	0.6496084430157614	-0.058443823532372374	0.09371265133659393	2892	1550
leg2_burden	adl_lead_with_in_forg_cost_cluster_ols_burden	adl5_lead	education_c	-0.03129175681340232	0.010097110533848506	0.0019412236810634623	-0.05108172980766539	-0.011501783819139251	2892	1550
leg2_burden	adl_lead_with_in_forg_cost_cluster_ols_burden	adl5_lead	residence_rural_w1	0.0768359857760619	0.039079791093855405	0.049283489081548636	0.00024100270875614116	0.15343096884336765	2892	1550
